INSERT INTO japanese.Superset(Id,SupersetOwner,SupersetName,SupersetDescription,Picture) VALUES (4,'global','JLPT-N4','JLPT-N4 Vocabulary with the jlpt-n4 tag. Words and definitions are retrieved from Jisho.org\'s database.','jishologo.png');
INSERT INTO japanese.Set(Id,SetName,SetOwner,SupersetId) VALUES (50,'JLPT-N4 Part 1','global',4),
(51,'JLPT-N4 Part 2','global',4),
(52,'JLPT-N4 Part 3','global',4),
(53,'JLPT-N4 Part 4','global',4),
(54,'JLPT-N4 Part 5','global',4),
(55,'JLPT-N4 Part 6','global',4),
(56,'JLPT-N4 Part 7','global',4),
(57,'JLPT-N4 Part 8','global',4),
(58,'JLPT-N4 Part 9','global',4),
(59,'JLPT-N4 Part 10','global',4),
(60,'JLPT-N4 Part 11','global',4),
(61,'JLPT-N4 Part 12','global',4),
(62,'JLPT-N4 Part 13','global',4),
(63,'JLPT-N4 Part 14','global',4),
(64,'JLPT-N4 Part 15','global',4),
(65,'JLPT-N4 Part 16','global',4),
(66,'JLPT-N4 Part 17','global',4),
(67,'JLPT-N4 Part 18','global',4),
(68,'JLPT-N4 Part 19','global',4),
(69,'JLPT-N4 Part 20','global',4),
(70,'JLPT-N4 Part 21','global',4),
(71,'JLPT-N4 Part 22','global',4),
(72,'JLPT-N4 Part 23','global',4),
(73,'JLPT-N4 Part 24','global',4),
(74,'JLPT-N4 Part 25','global',4);
INSERT IGNORE INTO japanese.CardsWordtype(Noun,RuVerb,UVerb,IrregularVerb,Transitive,Intransitive,Other,NaAdjective,IAdjective,SpecialKuruVerb,SpecialSuruVerb,SpecialAruVerb,Id) VALUES (true,false,false,false,false,false,false,false,false,false,false,false,1),
(true,false,false,true,false,false,false,false,false,false,false,false,9),
(false,true,false,false,false,true,false,false,false,false,false,false,34),
(true,false,false,false,false,false,false,true,false,false,false,false,129),
(false,false,false,false,false,false,false,true,false,false,false,false,128),
(false,true,false,false,true,false,false,false,false,false,false,false,18),
(false,false,true,false,true,false,false,false,false,false,false,false,20),
(false,false,false,false,false,false,false,false,true,false,false,false,256),
(false,false,false,false,false,false,false,false,false,false,false,false,0),
(false,false,true,false,true,true,false,false,false,false,false,false,52),
(false,false,true,false,false,true,false,false,false,false,false,false,36),
(true,false,false,true,false,false,false,true,false,false,false,false,137),
(false,false,true,false,false,false,false,false,false,false,false,false,4),
(false,false,false,true,false,false,false,false,false,false,false,false,8);
INSERT INTO japanese.Card(Id,SetId,WordType,Kanji,Furigana,CardOwner) VALUES (600,50,1,'腕','うで','global'),
(601,50,1,'人形','にんぎょう','global'),
(602,50,1,'文化','ぶんか','global'),
(603,50,1,'海岸','かいがん','global'),
(604,50,1,'産業','さんぎょう','global'),
(605,50,1,'動物園','どうぶつえん','global'),
(606,50,1,'美術館','びじゅつかん','global'),
(607,50,1,'水道','すいどう','global'),
(608,50,1,'飛行場','ひこうじょう','global'),
(609,50,1,'葡萄','ぶどう','global'),
(610,50,1,'事故','じこ','global'),
(611,50,1,'息子','むすこ','global'),
(612,50,9,'生活','せいかつ','global'),
(613,50,9,'注意','ちゅうい','global'),
(614,50,34,'生きる','いきる','global'),
(615,50,1,'女性','じょせい','global'),
(616,50,9,'説明','せつめい','global'),
(617,50,1,'警察','けいさつ','global'),
(618,50,129,'危険','きけん','global'),
(619,50,1,'世界','せかい','global'),
(620,51,9,'戦争','せんそう','global'),
(621,51,1,'小説','しょうせつ','global'),
(622,51,9,'関係','かんけい','global'),
(623,51,9,'研究','けんきゅう','global'),
(624,51,9,'会議','かいぎ','global'),
(625,51,128,'普通','ふつう','global'),
(626,51,1,'湖','みずうみ','global'),
(627,51,1,'夢','ゆめ','global'),
(628,51,1,'空港','くうこう','global'),
(629,51,1,'数学','すうがく','global'),
(630,51,9,'教育','きょういく','global'),
(631,51,129,'自由','じゆう','global'),
(632,51,1,'火','ひ','global'),
(633,51,1,'森','もり','global'),
(634,51,1,'法律','ほうりつ','global'),
(635,51,1,'気分','きぶん','global'),
(636,51,1,'壁','かべ','global'),
(637,51,1,'田舎','いなか','global'),
(638,51,1,'気','き','global'),
(639,51,1,'男性','だんせい','global'),
(640,52,1,'地震','じしん','global'),
(641,52,1,'人口','じんこう','global'),
(642,52,129,'残念','ざんねん','global'),
(643,52,1,'島','しま','global'),
(644,52,1,'教会','きょうかい','global'),
(645,52,1,'歴史','れきし','global'),
(646,52,1,'社会','しゃかい','global'),
(647,52,1,'住所','じゅうしょ','global'),
(648,52,1,'工場','こうじょう','global'),
(649,52,1,'趣味','しゅみ','global'),
(650,52,1,'経済','けいざい','global'),
(651,52,1,'台風','たいふう','global'),
(652,52,9,'卒業','そつぎょう','global'),
(653,52,1,'雲','くも','global'),
(654,52,1,'光','ひかり','global'),
(655,52,1,'贈り物','おくりもの','global'),
(656,52,1,'光','ひかり','global'),
(657,52,1,'政治','せいじ','global'),
(658,52,129,'特別','とくべつ','global'),
(659,52,9,'水泳','すいえい','global'),
(660,53,9,'講義','こうぎ','global'),
(661,53,1,'指','ゆび','global'),
(662,53,9,'会話','かいわ','global'),
(663,53,1,'季節','きせつ','global'),
(664,53,9,'翻訳','ほんやく','global'),
(665,53,9,'貿易','ぼうえき','global'),
(666,53,1,'文学','ぶんがく','global'),
(667,53,1,'葉','は','global'),
(668,53,9,'交通','こうつう','global'),
(669,53,1,'遊び','あそび','global'),
(670,53,1,'道具','どうぐ','global'),
(671,53,1,'背中','せなか','global'),
(672,53,9,'発音','はつおん','global'),
(673,53,1,'指輪','ゆびわ','global'),
(674,53,1,'医学','いがく','global'),
(675,53,1,'漫画','まんが','global'),
(676,53,1,'鏡','かがみ','global'),
(677,53,1,'電報','でんぽう','global'),
(678,53,1,'校長','こうちょう','global'),
(679,53,1,'市民','しみん','global'),
(680,54,1,'郊外','こうがい','global'),
(681,54,1,'砂','すな','global'),
(682,54,1,'手袋','てぶくろ','global'),
(683,54,1,'日記','にっき','global'),
(684,54,1,'絹','きぬ','global'),
(685,54,1,'糸','いと','global'),
(686,54,1,'文法','ぶんぽう','global'),
(687,54,1,'神社','じんじゃ','global'),
(688,54,1,'小学校','しょうがっこう','global'),
(689,54,1,'駐車場','ちゅうしゃじょう','global'),
(690,54,1,'展覧会','てんらんかい','global'),
(691,54,1,'先輩','せんぱい','global'),
(692,54,1,'西洋','せいよう','global'),
(693,54,9,'注射','ちゅうしゃ','global'),
(694,54,1,'坂','さか','global'),
(695,54,1,'乗り物','のりもの','global'),
(696,54,1,'旅館','りょかん','global'),
(697,54,1,'林','はやし','global'),
(698,54,1,'布団','ふとん','global'),
(699,54,1,'柔道','じゅうどう','global'),
(700,55,1,'研究室','けんきゅうしつ','global'),
(701,55,1,'会議室','かいぎしつ','global'),
(702,55,1,'中学校','ちゅうがっこう','global'),
(703,55,9,'花見','はなみ','global'),
(704,55,1,'公務員','こうむいん','global'),
(705,55,1,'高等学校','こうとうがっこう','global'),
(706,55,1,'辞典','じてん','global'),
(707,55,1,'心','こころ','global'),
(708,55,1,'力','ちから','global'),
(709,55,1,'天気予報','てんきよほう','global'),
(710,55,1,'押し入れ','おしいれ','global'),
(711,55,1,'味噌','みそ','global'),
(712,55,1,'明日','あした','global'),
(713,55,18,'掛ける','かける','global'),
(714,55,34,'降りる','おりる','global'),
(715,55,1,'彼','かれ','global'),
(716,55,1,'客','きゃく','global'),
(717,55,1,'祖父','そふ','global'),
(718,55,1,'高校','こうこう','global'),
(719,55,1,'近所','きんじょ','global'),
(720,56,1,'番組','ばんぐみ','global'),
(721,56,9,'見物','けんぶつ','global'),
(722,56,1,'亜米利加','アメリカ','global'),
(723,56,1,'彼女','かのじょ','global'),
(724,56,20,'思う','おもう','global'),
(725,56,1,'僕','ぼく','global'),
(726,56,128,'必要','ひつよう','global'),
(727,56,34,'見える','みえる','global'),
(728,56,18,'考える','かんがえる','global'),
(729,56,1,'為','ため','global'),
(730,56,18,'始める','はじめる','global'),
(731,56,18,'受ける','うける','global'),
(732,56,256,'美しい','うつくしい','global'),
(733,56,9,'試験','しけん','global'),
(734,56,129,'親切','しんせつ','global'),
(735,56,9,'失敗','しっぱい','global'),
(736,56,1,'以上','いじょう','global'),
(737,56,9,'意見','いけん','global'),
(738,56,0,'決して','けっして','global'),
(739,56,128,'十分','じゅうぶん','global'),
(740,57,9,'試合','しあい','global'),
(741,57,129,'一生懸命','いっしょうけんめい','global'),
(742,57,52,'急ぐ','いそぐ','global'),
(743,57,20,'選ぶ','えらぶ','global'),
(744,57,20,'送る','おくる','global'),
(745,57,0,'必ず','かならず','global'),
(746,57,1,'最近','さいきん','global'),
(747,57,20,'払う','はらう','global'),
(748,57,36,'合う','あう','global'),
(749,57,1,'点','てん','global'),
(750,57,18,'決める','きめる','global'),
(751,57,36,'笑う','わらう','global'),
(752,57,1,'最初','さいしょ','global'),
(753,57,137,'反対','はんたい','global'),
(754,57,1,'妻','つま','global'),
(755,57,1,'娘','むすめ','global'),
(756,57,1,'理由','りゆう','global'),
(757,57,1,'昔','むかし','global'),
(758,57,9,'約束','やくそく','global'),
(759,57,20,'思い出す','おもいだす','global'),
(760,58,256,'正しい','ただしい','global'),
(761,58,1,'場所','ばしょ','global'),
(762,58,9,'利用','りよう','global'),
(763,58,36,'間に合う','まにあう','global'),
(764,58,1,'今度','こんど','global'),
(765,58,9,'予定','よてい','global'),
(766,58,18,'訪ねる','たずねる','global'),
(767,58,36,'進む','すすむ','global'),
(768,58,1,'最後','さいご','global'),
(769,58,36,'通る','とおる','global'),
(770,58,1,'興味','きょうみ','global'),
(771,58,1,'時代','じだい','global'),
(772,58,9,'返事','へんじ','global'),
(773,58,1,'気持ち','きもち','global'),
(774,58,129,'簡単','かんたん','global'),
(775,58,256,'深い','ふかい','global'),
(776,58,1,'夫','おっと','global'),
(777,58,1,'場合','ばあい','global'),
(778,58,1,'一度','いちど','global'),
(779,58,20,'運ぶ','はこぶ','global'),
(780,59,1,'今夜','こんや','global'),
(781,59,20,'盗む','ぬすむ','global'),
(782,59,1,'習慣','しゅうかん','global'),
(783,59,36,'残る','のこる','global'),
(784,59,1,'席','せき','global'),
(785,59,1,'将来','しょうらい','global'),
(786,59,256,'優しい','やさしい','global'),
(787,59,20,'致す','いたす','global'),
(788,59,1,'空気','くうき','global'),
(789,59,34,'逃げる','にげる','global'),
(790,59,4,'役に立つ','やくにたつ','global'),
(791,59,9,'予約','よやく','global'),
(792,59,1,'機会','きかい','global'),
(793,59,9,'原因','げんいん','global'),
(794,59,1,'火事','かじ','global'),
(795,59,1,'泥棒','どろぼう','global'),
(796,59,1,'髪','かみ','global'),
(797,59,1,'規則','きそく','global'),
(798,59,20,'行う','おこなう','global'),
(799,59,1,'代わり','かわり','global'),
(800,60,20,'打つ','うつ','global'),
(801,60,256,'厳しい','きびしい','global'),
(802,60,18,'迎える','むかえる','global'),
(803,60,256,'怖い','こわい','global'),
(804,60,1,'社長','しゃちょう','global'),
(805,60,9,'紹介','しょうかい','global'),
(806,60,18,'集める','あつめる','global'),
(807,60,1,'星','ほし','global'),
(808,60,1,'事務所','じむしょ','global'),
(809,60,0,'特に','とくに','global'),
(810,60,18,'比べる','くらべる','global'),
(811,60,129,'無理','むり','global'),
(812,60,9,'用意','ようい','global'),
(813,60,1,'具合','ぐあい','global'),
(814,60,34,'壊れる','こわれる','global'),
(815,60,34,'倒れる','たおれる','global'),
(816,60,1,'味','あじ','global'),
(817,60,129,'安全','あんぜん','global'),
(818,60,129,'変','へん','global'),
(819,60,9,'連絡','れんらく','global'),
(820,61,1,'祖母','そぼ','global'),
(821,61,20,'壊す','こわす','global'),
(822,61,1,'汽車','きしゃ','global'),
(823,61,129,'確か','たしか','global'),
(824,61,129,'楽しみ','たのしみ','global'),
(825,61,1,'隅','すみ','global'),
(826,61,9,'競争','きょうそう','global'),
(827,61,9,'入院','にゅういん','global'),
(828,61,9,'留守','るす','global'),
(829,61,1,'景色','けしき','global'),
(830,61,1,'仕方','しかた','global'),
(831,61,1,'首','くび','global'),
(832,61,1,'君','きみ','global'),
(833,61,1,'血','ち','global'),
(834,61,1,'以内','いない','global'),
(835,61,0,'例えば','たとえば','global'),
(836,61,34,'別れる','わかれる','global'),
(837,61,1,'棚','たな','global'),
(838,61,129,'複雑','ふくざつ','global'),
(839,61,18,'申し上げる','もうしあげる','global'),
(840,62,36,'引っ越す','ひっこす','global'),
(841,62,1,'品物','しなもの','global'),
(842,62,1,'技術','ぎじゅつ','global'),
(843,62,1,'ご存じ','ごぞんじ','global'),
(844,62,1,'草','くさ','global'),
(845,62,1,'以下','いか','global'),
(846,62,1,'両方','りょうほう','global'),
(847,62,1,'倍','ばい','global'),
(848,62,1,'港','みなと','global'),
(849,62,137,'安心','あんしん','global'),
(850,62,1,'大体','だいたい','global'),
(851,62,1,'線','せん','global'),
(852,62,18,'下げる','さげる','global'),
(853,62,1,'虫','むし','global'),
(854,62,1,'小鳥','ことり','global'),
(855,62,1,'高校生','こうこうせい','global'),
(856,62,18,'乗り換える','のりかえる','global'),
(857,62,1,'枝','えだ','global'),
(858,62,1,'寺','てら','global'),
(859,62,1,'店員','てんいん','global'),
(860,63,1,'帰り','かえり','global'),
(861,63,1,'終わり','おわり','global'),
(862,63,1,'着物','きもの','global'),
(863,63,36,'通う','かよう','global'),
(864,63,36,'騒ぐ','さわぐ','global'),
(865,63,20,'踏む','ふむ','global'),
(866,63,129,'丁寧','ていねい','global'),
(867,63,34,'冷える','ひえる','global'),
(868,63,1,'裏','うら','global'),
(869,63,1,'表','おもて','global'),
(870,63,20,'飾る','かざる','global'),
(871,63,1,'都合','つごう','global'),
(872,63,34,'暮れる','くれる','global'),
(873,63,1,'部長','ぶちょう','global'),
(874,63,1,'引き出し','ひきだし','global'),
(875,63,128,'急','きゅう','global'),
(876,63,1,'会場','かいじょう','global'),
(877,63,1,'電灯','でんとう','global'),
(878,63,1,'踊り','おどり','global'),
(879,63,9,'急行','きゅうこう','global'),
(880,64,1,'地理','ちり','global'),
(881,64,129,'適当','てきとう','global'),
(882,64,256,'細かい','こまかい','global'),
(883,64,1,'課長','かちょう','global'),
(884,64,128,'盛ん','さかん','global'),
(885,64,9,'暖房','だんぼう','global'),
(886,64,1,'割合','わりあい','global'),
(887,64,20,'申す','もうす','global'),
(888,64,1,'売り場','うりば','global'),
(889,64,1,'講堂','こうどう','global'),
(890,64,129,'不便','ふべん','global'),
(891,64,9,'下宿','げしゅく','global'),
(892,64,1,'受付','うけつけ','global'),
(893,64,1,'食料品','しょくりょうひん','global'),
(894,64,1,'新聞社','しんぶんしゃ','global'),
(895,64,256,'苦い','にがい','global'),
(896,64,1,'湯','ゆ','global'),
(897,64,20,'写す','うつす','global'),
(898,64,1,'屋上','おくじょう','global'),
(899,64,1,'工業','こうぎょう','global'),
(900,65,1,'下着','したぎ','global'),
(901,65,9,'冷房','れいぼう','global'),
(902,65,1,'畳','たたみ','global'),
(903,65,20,'沸かす','わかす','global'),
(904,65,1,'お嬢さん','おじょうさん','global'),
(905,65,1,'特急','とっきゅう','global'),
(906,65,34,'過ぎる','すぎる','global'),
(907,65,34,'遅れる','おくれる','global'),
(908,65,18,'続ける','つづける','global'),
(909,65,20,'手伝う','てつだう','global'),
(910,65,36,'驚く','おどろく','global'),
(911,65,52,'開く','ひらく','global'),
(912,65,36,'眠る','ねむる','global'),
(913,65,36,'勝つ','かつ','global'),
(914,65,34,'聞こえる','きこえる','global'),
(915,65,18,'尋ねる','たずねる','global'),
(916,65,4,'泣く','なく','global'),
(917,65,34,'似る','にる','global'),
(918,65,36,'戻る','もどる','global'),
(919,65,18,'調べる','しらべる','global'),
(920,66,18,'伝える','つたえる','global'),
(921,66,36,'無くなる','なくなる','global'),
(922,66,36,'動く','うごく','global'),
(923,66,18,'知らせる','しらせる','global'),
(924,66,36,'続く','つづく','global'),
(925,66,1,'別','べつ','global'),
(926,66,36,'鳴る','なる','global'),
(927,66,1,'市','し','global'),
(928,66,34,'負ける','まける','global'),
(929,66,256,'悲しい','かなしい','global'),
(930,66,36,'亡くなる','なくなる','global'),
(931,66,1,'以外','いがい','global'),
(932,66,18,'間違える','まちがえる','global'),
(933,66,36,'回る','まわる','global'),
(934,66,18,'育てる','そだてる','global'),
(935,66,1,'石','いし','global'),
(936,66,256,'恥ずかしい','はずかしい','global'),
(937,66,20,'塗る','ぬる','global'),
(938,66,36,'泊まる','とまる','global'),
(939,66,18,'片付ける','かたづける','global'),
(940,67,36,'止む','やむ','global'),
(941,67,1,'遠く','とおく','global'),
(942,67,36,'済む','すむ','global'),
(943,67,0,'到頭','とうとう','global'),
(944,67,18,'捕まえる','つかまえる','global'),
(945,67,36,'踊る','おどる','global'),
(946,67,34,'足りる','たりる','global'),
(947,67,36,'治る','なおる','global'),
(948,67,18,'建てる','たてる','global'),
(949,67,4,'謝る','あやまる','global'),
(950,67,1,'此れから','これから','global'),
(951,67,18,'立てる','たてる','global'),
(952,67,256,'寂しい','さびしい','global'),
(953,67,18,'投げる','なげる','global'),
(954,67,36,'太る','ふとる','global'),
(955,67,36,'寄る','よる','global'),
(956,67,1,'歯医者','はいしゃ','global'),
(957,67,36,'参る','まいる','global'),
(958,67,20,'召し上がる','めしあがる','global'),
(959,67,256,'珍しい','めずらしい','global'),
(960,68,34,'揺れる','ゆれる','global'),
(961,68,20,'祈る','いのる','global'),
(962,68,1,'硝子','ガラス','global'),
(963,68,20,'折る','おる','global'),
(964,68,1,'お礼','おれい','global'),
(965,68,256,'眠い','ねむい','global'),
(966,68,1,'大学生','だいがくせい','global'),
(967,68,34,'痩せる','やせる','global'),
(968,68,20,'噛む','かむ','global'),
(969,68,0,'億','おく','global'),
(970,68,1,'瓦斯','ガス','global'),
(971,68,52,'触る','さわる','global'),
(972,68,20,'拾う','ひろう','global'),
(973,68,20,'焼く','やく','global'),
(974,68,0,'なる程','なるほど','global'),
(975,68,34,'割れる','われる','global'),
(976,68,1,'お宅','おたく','global'),
(977,68,34,'折れる','おれる','global'),
(978,68,36,'移る','うつる','global'),
(979,68,36,'光る','ひかる','global'),
(980,69,18,'植える','うえる','global'),
(981,69,1,'字','じ','global'),
(982,69,18,'差し上げる','さしあげる','global'),
(983,69,34,'焼ける','やける','global'),
(984,69,9,'お祝い','おいわい','global'),
(985,69,18,'取り替える','とりかえる','global'),
(986,69,20,'釣る','つる','global'),
(987,69,36,'乾く','かわく','global'),
(988,69,1,'用事','ようじ','global'),
(989,69,18,'届ける','とどける','global'),
(990,69,256,'浅い','あさい','global'),
(991,69,9,'予習','よしゅう','global'),
(992,69,1,'お釣り','おつり','global'),
(993,69,20,'足す','たす','global'),
(994,69,137,'寝坊','ねぼう','global'),
(995,69,36,'沸く','わく','global'),
(996,69,1,'忘れ物','わすれもの','global'),
(997,69,9,'復習','ふくしゅう','global'),
(998,69,1,'ご主人','ごしゅじん','global'),
(999,69,36,'付く','つく','global'),
(1000,70,18,'変える','かえる','global'),
(1001,70,1,'阿弗利加','アフリカ','global'),
(1002,70,1,'看護師','かんごし','global'),
(1003,70,36,'降り出す','ふりだす','global'),
(1004,70,1,'日','ひ','global'),
(1005,70,1,'間','あいだ','global'),
(1006,70,1,'親','おや','global'),
(1007,70,1,'熱','ねつ','global'),
(1008,70,1,'運転手','うんてんしゅ','global'),
(1009,70,1,'消しゴム','けしゴム','global'),
(1010,70,1,'テニス','テニス','global'),
(1011,70,1,'ピアノ','ピアノ','global'),
(1012,70,1,'周り','まわり','global'),
(1013,70,1,'ケーキ','ケーキ','global'),
(1014,70,1,'ビル','ビル','global'),
(1015,70,1,'カーテン','カーテン','global'),
(1016,70,1,'ガソリン','ガソリン','global'),
(1017,70,1,'アルコール','アルコール','global'),
(1018,70,1,'サンドイッチ','サンドイッチ','global'),
(1019,70,1,'オートバイ','オートバイ','global'),
(1020,71,1,'サラダ','サラダ','global'),
(1021,71,128,'ソフト','ソフト','global'),
(1022,71,1,'テキスト','テキスト','global'),
(1023,71,1,'ガソリンスタンド','ガソリンスタンド','global'),
(1024,71,1,'ステレオ','ステレオ','global'),
(1025,71,1,'ジャム','ジャム','global'),
(1026,71,1,'アナウンサー','アナウンサー','global'),
(1027,71,1,'パート','パート','global'),
(1028,71,1,'アクセサリー','アクセサリー','global'),
(1029,71,1,'エスカレーター','エスカレーター','global'),
(1030,71,0,'あっ','あっ','global'),
(1031,71,1,'スーツケース','スーツケース','global'),
(1032,71,1,'ステーキ','ステーキ','global'),
(1033,71,1,'亜細亜','アジア','global'),
(1034,71,1,'チェック','チェック','global'),
(1035,71,1,'サンダル','サンダル','global'),
(1036,71,1,'スクリーン','スクリーン','global'),
(1037,71,36,'開く','あく','global'),
(1038,71,1,'一杯','いっぱい','global'),
(1039,71,1,'用','よう','global'),
(1040,72,1,'レジ','レジ','global'),
(1041,72,1,'訳','わけ','global'),
(1042,72,0,'もう直ぐ','もうすぐ','global'),
(1043,72,0,'君','くん','global'),
(1044,72,1,'国際','こくさい','global'),
(1045,72,1,'毛','け','global'),
(1046,72,1,'泳ぎ方','およぎかた','global'),
(1047,72,1,'都','と','global'),
(1048,72,1,'家内','かない','global'),
(1049,72,1,'お見舞い','おみまい','global'),
(1050,72,1,'そんな','そんな','global'),
(1051,72,18,'止める','やめる','global'),
(1052,72,0,'非常に','ひじょうに','global'),
(1053,72,0,'はっきり','はっきり','global'),
(1054,72,0,'すっかり','すっかり','global'),
(1055,72,1,'コンサート','コンサート','global'),
(1056,72,0,'漸と','やっと','global'),
(1057,72,1,'あんな','あんな','global'),
(1058,72,1,'プレゼント','プレゼント','global'),
(1059,72,1,'タイプ','タイプ','global'),
(1060,73,0,'そろそろ','そろそろ','global'),
(1061,73,1,'米','こめ','global'),
(1062,73,1,'ベル','ベル','global'),
(1063,73,36,'いらっしゃる','いらっしゃる','global'),
(1064,73,0,'どんどん','どんどん','global'),
(1065,73,1,'スーツ','スーツ','global'),
(1066,73,1,'ワープロ','ワープロ','global'),
(1067,73,0,'ちゃん','ちゃん','global'),
(1068,73,34,'汚れる','よごれる','global'),
(1069,73,1,'パソコン','パソコン','global'),
(1070,73,1,'ハンドバッグ','ハンドバッグ','global'),
(1071,73,9,'アルバイト','アルバイト','global'),
(1072,73,1,'先','さっき','global'),
(1073,73,9,'ＦＡＸ','ファックス','global'),
(1074,73,8,'すっと','すっと','global'),
(1075,73,0,'そんなに','そんなに','global'),
(1076,73,0,'うん','うん','global'),
(1077,73,0,'ああ','ああ','global'),
(1078,73,4,'ご覧になる','ごらんになる','global'),
(1079,73,36,'変わる','かわる','global'),
(1080,74,1,'二階建て','にかいだて','global'),
(1081,74,1,'昼休み','ひるやすみ','global'),
(1082,74,0,'斯う','こう','global'),
(1083,74,1,'お祭り','おまつり','global'),
(1084,74,1,'端','つま','global');
INSERT INTO japanese.EnglishDefinition(Definition,CardId,Owner) VALUES ('arm',600,'global'),
('doll',601,'global'),
('puppet',601,'global'),
('figure',601,'global'),
('culture',602,'global'),
('civilization',602,'global'),
('civilisation',602,'global'),
('coast',603,'global'),
('beach',603,'global'),
('industry',604,'global'),
('zoo',605,'global'),
('zoological gardens',605,'global'),
('art gallery',606,'global'),
('art museum',606,'global'),
('water supply',607,'global'),
('water service',607,'global'),
('waterworks',607,'global'),
('airfield',608,'global'),
('airport',608,'global'),
('grape',609,'global'),
('grapevine',609,'global'),
('accident',610,'global'),
('incident',610,'global'),
('trouble',610,'global'),
('son',611,'global'),
('living',612,'global'),
('life (one\'s daily existence)',612,'global'),
('livelihood',612,'global'),
('caution',613,'global'),
('being careful',613,'global'),
('attention (heed)',613,'global'),
('warning',613,'global'),
('advice',613,'global'),
('to live',614,'global'),
('to exist',614,'global'),
('woman',615,'global'),
('female',615,'global'),
('explanation',616,'global'),
('exposition',616,'global'),
('police',617,'global'),
('danger',618,'global'),
('peril',618,'global'),
('hazard',618,'global'),
('the world',619,'global'),
('society',619,'global'),
('the universe',619,'global'),
('war',620,'global'),
('novel',621,'global'),
('(short) story',621,'global'),
('relation',622,'global'),
('relationship',622,'global'),
('connection',622,'global'),
('study',623,'global'),
('research',623,'global'),
('investigation',623,'global'),
('meeting',624,'global'),
('conference',624,'global'),
('session',624,'global'),
('assembly',624,'global'),
('council',624,'global'),
('convention',624,'global'),
('congress',624,'global'),
('normal',625,'global'),
('ordinary',625,'global'),
('regular',625,'global'),
('usual',625,'global'),
('common',625,'global'),
('average',625,'global'),
('lake',626,'global'),
('dream',627,'global'),
('airport',628,'global'),
('mathematics',629,'global'),
('arithmetic',629,'global'),
('education',630,'global'),
('schooling',630,'global'),
('training',630,'global'),
('instruction',630,'global'),
('teaching',630,'global'),
('upbringing',630,'global'),
('freedom',631,'global'),
('liberty',631,'global'),
('fire',632,'global'),
('flame',632,'global'),
('blaze',632,'global'),
('forest',633,'global'),
('law',634,'global'),
('feeling',635,'global'),
('mood',635,'global'),
('wall',636,'global'),
('partition',636,'global'),
('rural area',637,'global'),
('countryside',637,'global'),
('the sticks',637,'global'),
('spirit',638,'global'),
('mind',638,'global'),
('heart',638,'global'),
('man',639,'global'),
('male',639,'global'),
('earthquake',640,'global'),
('population',641,'global'),
('deplorable',642,'global'),
('regrettable',642,'global'),
('disappointing',642,'global'),
('vexing',642,'global'),
('unfortunate',642,'global'),
('island',643,'global'),
('church',644,'global'),
('congregation',644,'global'),
('history',645,'global'),
('society',646,'global'),
('public',646,'global'),
('community',646,'global'),
('the world',646,'global'),
('address (e.g. of house)',647,'global'),
('residence',647,'global'),
('domicile',647,'global'),
('factory',648,'global'),
('plant',648,'global'),
('mill',648,'global'),
('workshop',648,'global'),
('hobby',649,'global'),
('pastime',649,'global'),
('economy',650,'global'),
('economics',650,'global'),
('typhoon',651,'global'),
('hurricane',651,'global'),
('graduation',652,'global'),
('completion (of a course)',652,'global'),
('cloud',653,'global'),
('light',654,'global'),
('present',655,'global'),
('gift',655,'global'),
('light',656,'global'),
('politics',657,'global'),
('government',657,'global'),
('special',658,'global'),
('particular',658,'global'),
('extraordinary',658,'global'),
('exceptional',658,'global'),
('especial',658,'global'),
('swimming',659,'global'),
('lecture',660,'global'),
('finger',661,'global'),
('toe',661,'global'),
('digit',661,'global'),
('conversation',662,'global'),
('season',663,'global'),
('time of year',663,'global'),
('translation',664,'global'),
('trade (foreign)',665,'global'),
('literature',666,'global'),
('leaf',667,'global'),
('blade (of grass)',667,'global'),
('(pine) needle',667,'global'),
('traffic',668,'global'),
('transportation',668,'global'),
('communication',668,'global'),
('exchange (of ideas, etc.)',668,'global'),
('intercourse',668,'global'),
('playing',669,'global'),
('tool',670,'global'),
('implement',670,'global'),
('instrument',670,'global'),
('utensil',670,'global'),
('apparatus',670,'global'),
('device',670,'global'),
('back (of body)',671,'global'),
('pronunciation',672,'global'),
('(finger) ring',673,'global'),
('medical science',674,'global'),
('medicine',674,'global'),
('cartoon',675,'global'),
('comic',675,'global'),
('comic strip',675,'global'),
('manga',675,'global'),
('mirror',676,'global'),
('looking-glass',676,'global'),
('telegram',677,'global'),
('principal',678,'global'),
('headmaster',678,'global'),
('citizen',679,'global'),
('citizenry',679,'global'),
('public',679,'global'),
('suburb',680,'global'),
('residential area on the outskirt of a city',680,'global'),
('commuter belt',680,'global'),
('sand',681,'global'),
('grit',681,'global'),
('glove',682,'global'),
('mitten',682,'global'),
('mitt',682,'global'),
('diary',683,'global'),
('journal',683,'global'),
('silk',684,'global'),
('thread',685,'global'),
('yarn',685,'global'),
('string',685,'global'),
('grammar',686,'global'),
('Shinto shrine',687,'global'),
('primary school',688,'global'),
('elementary school',688,'global'),
('grade school',688,'global'),
('parking lot',689,'global'),
('car park',689,'global'),
('carpark',689,'global'),
('parking garage',689,'global'),
('exhibition',690,'global'),
('senior (at work or school)',691,'global'),
('superior',691,'global'),
('elder',691,'global'),
('older graduate',691,'global'),
('progenitor',691,'global'),
('old-timer',691,'global'),
('the West',692,'global'),
('the Occident',692,'global'),
('Western countries',692,'global'),
('injection',693,'global'),
('jab',693,'global'),
('shot',693,'global'),
('slope',694,'global'),
('incline',694,'global'),
('hill',694,'global'),
('vehicle',695,'global'),
('conveyance',695,'global'),
('transport',695,'global'),
('ryokan',696,'global'),
('traditional inn',696,'global'),
('Japanese-style lodging, usu. professionally-run',696,'global'),
('wood',697,'global'),
('woods',697,'global'),
('forest',697,'global'),
('grove',697,'global'),
('copse',697,'global'),
('thicket',697,'global'),
('futon',698,'global'),
('Japanese bedding consisting of a mattress and a duvet',698,'global'),
('judo',699,'global'),
('laboratory',700,'global'),
('conference room',701,'global'),
('council room',701,'global'),
('junior high school',702,'global'),
('middle school',702,'global'),
('lower secondary school',702,'global'),
('cherry blossom viewing',703,'global'),
('flower viewing',703,'global'),
('government worker',704,'global'),
('public servant',704,'global'),
('civil servant',704,'global'),
('senior high school',705,'global'),
('high school',705,'global'),
('dictionary',706,'global'),
('lexicon',706,'global'),
('mind',707,'global'),
('heart',707,'global'),
('spirit',707,'global'),
('force',708,'global'),
('strength',708,'global'),
('might',708,'global'),
('vigour',708,'global'),
('vigor',708,'global'),
('energy',708,'global'),
('weather forecast',709,'global'),
('weather report',709,'global'),
('closet',710,'global'),
('miso',711,'global'),
('fermented condiment usu. made from soybeans',711,'global'),
('tomorrow',712,'global'),
('to hang up (e.g. a coat, a picture on the wall)',713,'global'),
('to let hang',713,'global'),
('to suspend (from)',713,'global'),
('to hoist (e.g. sail)',713,'global'),
('to raise (e.g. flag)',713,'global'),
('to descend (e.g. a mountain)',714,'global'),
('to go down',714,'global'),
('to come down',714,'global'),
('he',715,'global'),
('him',715,'global'),
('guest',716,'global'),
('visitor',716,'global'),
('grandfather',717,'global'),
('senior high school',718,'global'),
('high school',718,'global'),
('neighbourhood',719,'global'),
('neighborhood',719,'global'),
('program (e.g. TV)',720,'global'),
('programme',720,'global'),
('sightseeing',721,'global'),
('watching',721,'global'),
('viewing',721,'global'),
('America',722,'global'),
('she',723,'global'),
('her',723,'global'),
('to think',724,'global'),
('to consider',724,'global'),
('to believe',724,'global'),
('to reckon',724,'global'),
('I',725,'global'),
('me',725,'global'),
('necessary',726,'global'),
('needed',726,'global'),
('essential',726,'global'),
('indispensable',726,'global'),
('to be seen',727,'global'),
('to be in sight',727,'global'),
('to think (about, of)',728,'global'),
('to think over',728,'global'),
('to ponder',728,'global'),
('to contemplate',728,'global'),
('to reflect (on)',728,'global'),
('to meditate (on)',728,'global'),
('good',729,'global'),
('advantage',729,'global'),
('benefit',729,'global'),
('welfare',729,'global'),
('to start',730,'global'),
('to begin',730,'global'),
('to commence',730,'global'),
('to initiate',730,'global'),
('to originate',730,'global'),
('to receive',731,'global'),
('to get',731,'global'),
('beautiful',732,'global'),
('pretty',732,'global'),
('lovely',732,'global'),
('sweet',732,'global'),
('pure (heart, friendship, etc.)',732,'global'),
('examination',733,'global'),
('exam',733,'global'),
('test',733,'global'),
('kind',734,'global'),
('gentle',734,'global'),
('considerate',734,'global'),
('generous',734,'global'),
('friendly',734,'global'),
('nice',734,'global'),
('failure',735,'global'),
('mistake',735,'global'),
('blunder',735,'global'),
('not less than',736,'global'),
('... and more',736,'global'),
('... and upwards',736,'global'),
('opinion',737,'global'),
('view',737,'global'),
('comment',737,'global'),
('(not) ever',738,'global'),
('(not) by any means',738,'global'),
('(not) in the least',738,'global'),
('(not) in any way',738,'global'),
('(not) at all',738,'global'),
('enough',739,'global'),
('sufficient',739,'global'),
('plenty',739,'global'),
('adequate',739,'global'),
('satisfactory',739,'global'),
('match',740,'global'),
('game',740,'global'),
('bout',740,'global'),
('contest',740,'global'),
('very hard',741,'global'),
('with utmost effort',741,'global'),
('with all one\'s might',741,'global'),
('for dear life',741,'global'),
('to hurry',742,'global'),
('to rush',742,'global'),
('to hasten',742,'global'),
('to make something happen sooner',742,'global'),
('to choose',743,'global'),
('to select',743,'global'),
('to send (a thing)',744,'global'),
('to dispatch',744,'global'),
('to despatch',744,'global'),
('to transmit',744,'global'),
('always',745,'global'),
('without exception',745,'global'),
('necessarily',745,'global'),
('certainly',745,'global'),
('without fail',745,'global'),
('positively',745,'global'),
('invariably',745,'global'),
('recently',746,'global'),
('lately',746,'global'),
('these days',746,'global'),
('nowadays',746,'global'),
('right now',746,'global'),
('to pay (e.g. money, bill)',747,'global'),
('to come together',748,'global'),
('to merge',748,'global'),
('to unite',748,'global'),
('to meet',748,'global'),
('dot',749,'global'),
('spot',749,'global'),
('point',749,'global'),
('speck',749,'global'),
('mark',749,'global'),
('to decide',750,'global'),
('to choose',750,'global'),
('to determine',750,'global'),
('to make up one\'s mind',750,'global'),
('to resolve',750,'global'),
('to set one\'s heart on',750,'global'),
('to settle',750,'global'),
('to arrange',750,'global'),
('to set',750,'global'),
('to appoint',750,'global'),
('to fix',750,'global'),
('to laugh',751,'global'),
('beginning',752,'global'),
('outset',752,'global'),
('first',752,'global'),
('onset',752,'global'),
('opposition',753,'global'),
('resistance',753,'global'),
('antagonism',753,'global'),
('hostility',753,'global'),
('objection',753,'global'),
('dissent',753,'global'),
('wife',754,'global'),
('daughter',755,'global'),
('reason',756,'global'),
('pretext',756,'global'),
('motive',756,'global'),
('olden days',757,'global'),
('former',757,'global'),
('promise',758,'global'),
('agreement',758,'global'),
('arrangement',758,'global'),
('one\'s word',758,'global'),
('contract',758,'global'),
('pact',758,'global'),
('appointment',758,'global'),
('engagement',758,'global'),
('date',758,'global'),
('to recall',759,'global'),
('to remember',759,'global'),
('to recollect',759,'global'),
('right',760,'global'),
('correct',760,'global'),
('place',761,'global'),
('location',761,'global'),
('spot',761,'global'),
('position',761,'global'),
('use',762,'global'),
('utilization',762,'global'),
('utilisation',762,'global'),
('application',762,'global'),
('to be in time (for)',763,'global'),
('this time',764,'global'),
('now',764,'global'),
('plans',765,'global'),
('arrangement',765,'global'),
('schedule',765,'global'),
('program',765,'global'),
('programme',765,'global'),
('expectation',765,'global'),
('estimate',765,'global'),
('to visit',766,'global'),
('to call on',766,'global'),
('to pay a visit to',766,'global'),
('to advance',767,'global'),
('to go forward',767,'global'),
('end',768,'global'),
('conclusion',768,'global'),
('to go by',769,'global'),
('to go past',769,'global'),
('to go along',769,'global'),
('to travel along',769,'global'),
('to pass through',769,'global'),
('to use (a road)',769,'global'),
('to take (a route)',769,'global'),
('to go via',769,'global'),
('to go by way of',769,'global'),
('interest (in something)',770,'global'),
('curiosity (about something)',770,'global'),
('zest (for)',770,'global'),
('period',771,'global'),
('epoch',771,'global'),
('era',771,'global'),
('age',771,'global'),
('reply',772,'global'),
('answer',772,'global'),
('response',772,'global'),
('feeling',773,'global'),
('sensation',773,'global'),
('mood',773,'global'),
('state of mind',773,'global'),
('simple',774,'global'),
('easy',774,'global'),
('uncomplicated',774,'global'),
('deep',775,'global'),
('husband',776,'global'),
('case',777,'global'),
('situation',777,'global'),
('once',778,'global'),
('one time',778,'global'),
('on one occasion',778,'global'),
('to carry',779,'global'),
('to transport',779,'global'),
('to move',779,'global'),
('to convey',779,'global'),
('this evening',780,'global'),
('tonight',780,'global'),
('to steal',781,'global'),
('habit',782,'global'),
('to remain',783,'global'),
('to be left',783,'global'),
('seat',784,'global'),
('future (usually near)',785,'global'),
('prospects',785,'global'),
('tender',786,'global'),
('kind',786,'global'),
('gentle',786,'global'),
('graceful',786,'global'),
('affectionate',786,'global'),
('amiable',786,'global'),
('to do',787,'global'),
('air',788,'global'),
('atmosphere',788,'global'),
('to escape',789,'global'),
('to run away',789,'global'),
('to be helpful',790,'global'),
('to be useful',790,'global'),
('reservation',791,'global'),
('appointment',791,'global'),
('booking',791,'global'),
('advance order',791,'global'),
('chance',792,'global'),
('opportunity',792,'global'),
('cause',793,'global'),
('origin',793,'global'),
('source',793,'global'),
('fire',794,'global'),
('conflagration',794,'global'),
('thief',795,'global'),
('burglar',795,'global'),
('robber',795,'global'),
('hair (on the head)',796,'global'),
('rule',797,'global'),
('regulation',797,'global'),
('to perform',798,'global'),
('to do',798,'global'),
('to conduct oneself',798,'global'),
('to carry out',798,'global'),
('substitute',799,'global'),
('replacement',799,'global'),
('substituting',799,'global'),
('replacing',799,'global'),
('to hit',800,'global'),
('to strike',800,'global'),
('to knock',800,'global'),
('to beat',800,'global'),
('to punch',800,'global'),
('to slap',800,'global'),
('to tap',800,'global'),
('to bang',800,'global'),
('to clap',800,'global'),
('to pound',800,'global'),
('severe',801,'global'),
('strict',801,'global'),
('rigid',801,'global'),
('unsparing',801,'global'),
('relentless',801,'global'),
('to go out to meet',802,'global'),
('scary',803,'global'),
('frightening',803,'global'),
('eerie',803,'global'),
('dreadful',803,'global'),
('company president',804,'global'),
('manager',804,'global'),
('director',804,'global'),
('introduction',805,'global'),
('presentation',805,'global'),
('referral',805,'global'),
('listing',805,'global'),
('to collect',806,'global'),
('to assemble',806,'global'),
('to gather',806,'global'),
('star (usu. not including the Sun)',807,'global'),
('planet (usu. not including Earth)',807,'global'),
('heavenly body',807,'global'),
('office',808,'global'),
('particularly',809,'global'),
('especially',809,'global'),
('in particular',809,'global'),
('expressly',809,'global'),
('to compare',810,'global'),
('to make a comparison',810,'global'),
('unreasonable',811,'global'),
('unnatural',811,'global'),
('unjustifiable',811,'global'),
('preparation',812,'global'),
('arrangements',812,'global'),
('provision',812,'global'),
('getting ready',812,'global'),
('laying out (e.g. a meal)',812,'global'),
('condition',813,'global'),
('state',813,'global'),
('to be broken',814,'global'),
('to break',814,'global'),
('to fall (over, down)',815,'global'),
('to collapse',815,'global'),
('to take a fall',815,'global'),
('to topple',815,'global'),
('flavor',816,'global'),
('flavour',816,'global'),
('taste',816,'global'),
('safety',817,'global'),
('security',817,'global'),
('strange',818,'global'),
('odd',818,'global'),
('peculiar',818,'global'),
('weird',818,'global'),
('curious',818,'global'),
('queer',818,'global'),
('eccentric',818,'global'),
('funny',818,'global'),
('suspicious',818,'global'),
('fishy',818,'global'),
('contacting',819,'global'),
('(making) contact',819,'global'),
('getting in touch',819,'global'),
('communication',819,'global'),
('correspondence',819,'global'),
('call',819,'global'),
('message',819,'global'),
('grandmother',820,'global'),
('to break',821,'global'),
('to destroy',821,'global'),
('to demolish',821,'global'),
('train (esp. long distance train)',822,'global'),
('sure',823,'global'),
('certain',823,'global'),
('positive',823,'global'),
('definite',823,'global'),
('enjoyment',824,'global'),
('pleasure',824,'global'),
('diversion',824,'global'),
('amusement',824,'global'),
('hobby',824,'global'),
('corner',825,'global'),
('nook',825,'global'),
('recess',825,'global'),
('competition',826,'global'),
('contest',826,'global'),
('rivalry',826,'global'),
('race',826,'global'),
('hospitalization',827,'global'),
('hospitalisation',827,'global'),
('absence',828,'global'),
('being away from home',828,'global'),
('scenery',829,'global'),
('scene',829,'global'),
('landscape',829,'global'),
('way',830,'global'),
('method',830,'global'),
('means',830,'global'),
('resource',830,'global'),
('course',830,'global'),
('neck',831,'global'),
('you',832,'global'),
('buddy',832,'global'),
('pal',832,'global'),
('blood',833,'global'),
('within',834,'global'),
('inside of',834,'global'),
('less than',834,'global'),
('for example',835,'global'),
('for instance',835,'global'),
('e.g.',835,'global'),
('to part (usu. of people)',836,'global'),
('to part from',836,'global'),
('to part with',836,'global'),
('to be apart from',836,'global'),
('shelf',837,'global'),
('ledge',837,'global'),
('rack',837,'global'),
('complex',838,'global'),
('complicated',838,'global'),
('intricate',838,'global'),
('mixed (feelings)',838,'global'),
('to say',839,'global'),
('to tell',839,'global'),
('to state',839,'global'),
('to express',839,'global'),
('to offer',839,'global'),
('to extend (greetings, congratulations, etc.)',839,'global'),
('to move (house)',840,'global'),
('to change residence',840,'global'),
('goods',841,'global'),
('article',841,'global'),
('thing',841,'global'),
('technology',842,'global'),
('engineering',842,'global'),
('knowing',843,'global'),
('grass',844,'global'),
('weed',844,'global'),
('herb',844,'global'),
('thatch',844,'global'),
('not exceeding',845,'global'),
('and downward',845,'global'),
('... and below',845,'global'),
('both',846,'global'),
('both sides',846,'global'),
('both parties',846,'global'),
('twice',847,'global'),
('double',847,'global'),
('harbour',848,'global'),
('harbor',848,'global'),
('port',848,'global'),
('relief',849,'global'),
('peace of mind',849,'global'),
('outline',850,'global'),
('main points',850,'global'),
('gist',850,'global'),
('substance',850,'global'),
('essence',850,'global'),
('line',851,'global'),
('stripe',851,'global'),
('stria',851,'global'),
('to hang',852,'global'),
('to suspend',852,'global'),
('to wear (e.g. decoration)',852,'global'),
('insect',853,'global'),
('bug',853,'global'),
('cricket',853,'global'),
('moth',853,'global'),
('small bird',854,'global'),
('little bird',854,'global'),
('senior high school student',855,'global'),
('to transfer (trains)',856,'global'),
('to change (bus, train)',856,'global'),
('branch',857,'global'),
('bow',857,'global'),
('bough',857,'global'),
('twig',857,'global'),
('limb',857,'global'),
('temple (Buddhist)',858,'global'),
('employee (of a store)',859,'global'),
('shop assistant',859,'global'),
('clerk',859,'global'),
('salesperson',859,'global'),
('return',860,'global'),
('coming back',860,'global'),
('the end',861,'global'),
('kimono',862,'global'),
('Japanese traditional clothing (esp. full-length)',862,'global'),
('to go to and from (a place)',863,'global'),
('to go back and forth between',863,'global'),
('to run between (e.g. bus, train, etc.)',863,'global'),
('to ply between',863,'global'),
('to make noise',864,'global'),
('to make racket',864,'global'),
('to be noisy',864,'global'),
('to step on',865,'global'),
('to tread on',865,'global'),
('to trample on',865,'global'),
('polite',866,'global'),
('courteous',866,'global'),
('civil',866,'global'),
('to grow cold (from room temperature, e.g. in refrigerator)',867,'global'),
('to get chilly',867,'global'),
('to cool down',867,'global'),
('opposite side',868,'global'),
('bottom',868,'global'),
('other side',868,'global'),
('side hidden from view',868,'global'),
('undersurface',868,'global'),
('reverse side',868,'global'),
('surface',869,'global'),
('to decorate',870,'global'),
('to ornament',870,'global'),
('to adorn',870,'global'),
('circumstances',871,'global'),
('condition',871,'global'),
('convenience',871,'global'),
('to get dark',872,'global'),
('to grow dark',872,'global'),
('head (chief, director) of a section or department',873,'global'),
('drawer',874,'global'),
('sudden',875,'global'),
('abrupt',875,'global'),
('unexpected',875,'global'),
('assembly hall',876,'global'),
('meeting place',876,'global'),
('venue',876,'global'),
('grounds',876,'global'),
('electric light',877,'global'),
('dance',878,'global'),
('hurrying (to somewhere)',879,'global'),
('rushing',879,'global'),
('hastening',879,'global'),
('geography',880,'global'),
('suitable',881,'global'),
('proper',881,'global'),
('appropriate',881,'global'),
('adequate',881,'global'),
('fit',881,'global'),
('fair',881,'global'),
('small',882,'global'),
('section manager',883,'global'),
('section chief',883,'global'),
('prosperous',884,'global'),
('flourishing',884,'global'),
('thriving',884,'global'),
('successful',884,'global'),
('(indoor) heating',885,'global'),
('rate',886,'global'),
('ratio',886,'global'),
('percentage',886,'global'),
('proportion',886,'global'),
('to say',887,'global'),
('to be called',887,'global'),
('selling area',888,'global'),
('counter',888,'global'),
('section',888,'global'),
('department',888,'global'),
('sales floor',888,'global'),
('auditorium',889,'global'),
('lecture hall',889,'global'),
('inconvenience',890,'global'),
('inexpediency',890,'global'),
('unhandiness',890,'global'),
('boarding',891,'global'),
('lodging',891,'global'),
('board and lodging',891,'global'),
('room and board',891,'global'),
('reception (desk)',892,'global'),
('information desk',892,'global'),
('foodstuff',893,'global'),
('groceries',893,'global'),
('newspaper company',894,'global'),
('bitter',895,'global'),
('hot water',896,'global'),
('to transcribe',897,'global'),
('to duplicate',897,'global'),
('to reproduce',897,'global'),
('to imitate',897,'global'),
('to trace',897,'global'),
('rooftop',898,'global'),
('(manufacturing) industry',899,'global'),
('underwear',900,'global'),
('air conditioning',901,'global'),
('air cooling',901,'global'),
('tatami mat',902,'global'),
('Japanese straw floor coverings',902,'global'),
('to boil',903,'global'),
('to heat',903,'global'),
('(another\'s) daughter',904,'global'),
('limited express (train for which a limited-express ticket is required)',905,'global'),
('to pass through',906,'global'),
('to pass by',906,'global'),
('to go beyond',906,'global'),
('to be late',907,'global'),
('to be delayed',907,'global'),
('to fall behind schedule',907,'global'),
('to be overdue',907,'global'),
('to continue',908,'global'),
('to keep up',908,'global'),
('to keep on',908,'global'),
('to help',909,'global'),
('to assist',909,'global'),
('to aid',909,'global'),
('to be surprised',910,'global'),
('to be astonished',910,'global'),
('to open',911,'global'),
('to undo',911,'global'),
('to unseal',911,'global'),
('to unpack',911,'global'),
('to sleep',912,'global'),
('to win',913,'global'),
('to gain victory',913,'global'),
('to be heard',914,'global'),
('to be audible',914,'global'),
('to ask',915,'global'),
('to enquire',915,'global'),
('to inquire',915,'global'),
('to cry',916,'global'),
('to weep',916,'global'),
('to sob',916,'global'),
('to howl',916,'global'),
('to resemble',917,'global'),
('to look like',917,'global'),
('to take after',917,'global'),
('to turn back (e.g. half-way)',918,'global'),
('to examine',919,'global'),
('to look up',919,'global'),
('to investigate',919,'global'),
('to check up',919,'global'),
('to sense',919,'global'),
('to study',919,'global'),
('to inquire',919,'global'),
('to search',919,'global'),
('to convey',920,'global'),
('to report',920,'global'),
('to transmit',920,'global'),
('to communicate',920,'global'),
('to tell',920,'global'),
('to impart',920,'global'),
('to propagate',920,'global'),
('to teach',920,'global'),
('to bequeath',920,'global'),
('to be lost (e.g. luggage)',921,'global'),
('to be missing',921,'global'),
('to move',922,'global'),
('to stir',922,'global'),
('to shift',922,'global'),
('to shake',922,'global'),
('to swing',922,'global'),
('to notify',923,'global'),
('to advise',923,'global'),
('to inform',923,'global'),
('to continue',924,'global'),
('to last',924,'global'),
('to go on',924,'global'),
('distinction',925,'global'),
('difference',925,'global'),
('discrimination',925,'global'),
('to sound',926,'global'),
('to ring',926,'global'),
('to resound',926,'global'),
('to echo',926,'global'),
('to roar',926,'global'),
('to rumble',926,'global'),
('city',927,'global'),
('to lose',928,'global'),
('to be defeated',928,'global'),
('sad',929,'global'),
('miserable',929,'global'),
('unhappy',929,'global'),
('sorrowful',929,'global'),
('to die',930,'global'),
('with the exception of',931,'global'),
('excepting',931,'global'),
('to make a mistake (in)',932,'global'),
('to commit an error (e.g. in calculation)',932,'global'),
('to turn',933,'global'),
('to revolve',933,'global'),
('to raise',934,'global'),
('to rear',934,'global'),
('to bring up',934,'global'),
('stone',935,'global'),
('embarrassing',936,'global'),
('embarrassed',936,'global'),
('ashamed',936,'global'),
('humiliated',936,'global'),
('shy',936,'global'),
('to paint',937,'global'),
('to plaster',937,'global'),
('to lacquer',937,'global'),
('to varnish',937,'global'),
('to spread',937,'global'),
('to smear',937,'global'),
('to put up (wallpaper)',937,'global'),
('to stay at (e.g. hotel)',938,'global'),
('to tidy up',939,'global'),
('to put in order',939,'global'),
('to straighten up',939,'global'),
('to put away',939,'global'),
('to cease',940,'global'),
('to stop',940,'global'),
('to be over',940,'global'),
('far away',941,'global'),
('distant',941,'global'),
('at a distance',941,'global'),
('distant place',941,'global'),
('by far',941,'global'),
('to finish',942,'global'),
('to end',942,'global'),
('to be completed',942,'global'),
('finally',943,'global'),
('at last',943,'global'),
('ultimately',943,'global'),
('in the end',943,'global'),
('to catch',944,'global'),
('to capture',944,'global'),
('to arrest',944,'global'),
('to seize',944,'global'),
('to restrain',944,'global'),
('to dance (orig. a hopping dance)',945,'global'),
('to be sufficient',946,'global'),
('to be enough',946,'global'),
('to get better',947,'global'),
('to get well',947,'global'),
('to recover (from an illness)',947,'global'),
('to be cured',947,'global'),
('to be restored',947,'global'),
('to heal',947,'global'),
('to build',948,'global'),
('to construct',948,'global'),
('to apologize',949,'global'),
('to apologise',949,'global'),
('from now on',950,'global'),
('after this',950,'global'),
('in the future',950,'global'),
('in future',950,'global'),
('to stand up',951,'global'),
('to put up',951,'global'),
('to set up',951,'global'),
('to erect',951,'global'),
('to raise',951,'global'),
('lonely',952,'global'),
('lonesome',952,'global'),
('solitary',952,'global'),
('desolate',952,'global'),
('to throw',953,'global'),
('to hurl',953,'global'),
('to fling',953,'global'),
('to toss',953,'global'),
('to cast',953,'global'),
('to put on weight',954,'global'),
('to gain weight',954,'global'),
('to grow fat',954,'global'),
('to get stout',954,'global'),
('to approach',955,'global'),
('to draw near',955,'global'),
('to come near',955,'global'),
('to be close to',955,'global'),
('dentist',956,'global'),
('to go',957,'global'),
('to come',957,'global'),
('to call',957,'global'),
('to eat',958,'global'),
('to drink',958,'global'),
('unusual',959,'global'),
('rare',959,'global'),
('curious',959,'global'),
('to shake',960,'global'),
('to sway',960,'global'),
('to waver',960,'global'),
('to pray',961,'global'),
('to wish',961,'global'),
('glass',962,'global'),
('pane',962,'global'),
('to break',963,'global'),
('to fracture',963,'global'),
('to break off',963,'global'),
('to snap off',963,'global'),
('to pick (e.g. flowers)',963,'global'),
('thanks',964,'global'),
('gratitude',964,'global'),
('sleepy',965,'global'),
('drowsy',965,'global'),
('somnolent',965,'global'),
('university student',966,'global'),
('college student',966,'global'),
('to become thin',967,'global'),
('to lose weight',967,'global'),
('to reduce (one\'s) weight',967,'global'),
('to slim',967,'global'),
('to bite',968,'global'),
('10^8',969,'global'),
('100,000,000',969,'global'),
('hundred million',969,'global'),
('gas (state of matter, e.g. poison gas, natural gas)',970,'global'),
('to touch',971,'global'),
('to feel',971,'global'),
('to pick up',972,'global'),
('to find',972,'global'),
('to gather',972,'global'),
('to burn',973,'global'),
('I see',974,'global'),
('that\'s right',974,'global'),
('indeed',974,'global'),
('to break',975,'global'),
('to be smashed',975,'global'),
('your house',976,'global'),
('your home',976,'global'),
('your family',976,'global'),
('to break',977,'global'),
('to be broken',977,'global'),
('to snap',977,'global'),
('to fracture',977,'global'),
('to move (house)',978,'global'),
('to transfer (department)',978,'global'),
('to shine',979,'global'),
('to glitter',979,'global'),
('to be bright',979,'global'),
('to plant',980,'global'),
('to grow',980,'global'),
('to raise',980,'global'),
('character (esp. kanji)',981,'global'),
('letter',981,'global'),
('written text',981,'global'),
('to give',982,'global'),
('to offer',982,'global'),
('to burn',983,'global'),
('to be roasted',983,'global'),
('to be heated',983,'global'),
('to be sunburnt',983,'global'),
('to fade (in the sun)',983,'global'),
('to glow red (i.e. of the sky at sunset)',983,'global'),
('congratulation',984,'global'),
('congratulations',984,'global'),
('celebration',984,'global'),
('festival',984,'global'),
('to exchange',985,'global'),
('to swap',985,'global'),
('to barter',985,'global'),
('to fish',986,'global'),
('to angle',986,'global'),
('to catch',986,'global'),
('to get dry',987,'global'),
('tasks',988,'global'),
('things to do',988,'global'),
('errand',988,'global'),
('business (to take care of)',988,'global'),
('affairs',988,'global'),
('engagement',988,'global'),
('to deliver',989,'global'),
('to forward',989,'global'),
('to send',989,'global'),
('shallow',990,'global'),
('superficial',990,'global'),
('preparation for a lesson',991,'global'),
('change (for a purchase)',992,'global'),
('to add (numbers)',993,'global'),
('sleeping in late',994,'global'),
('oversleeping',994,'global'),
('to grow hot (e.g. water)',995,'global'),
('to boil',995,'global'),
('lost article',996,'global'),
('something forgotten',996,'global'),
('review (of learned material)',997,'global'),
('revision',997,'global'),
('your husband',998,'global'),
('her husband',998,'global'),
('to be attached',999,'global'),
('to be connected with',999,'global'),
('to adhere',999,'global'),
('to stick',999,'global'),
('to cling',999,'global'),
('to change',1000,'global'),
('to alter',1000,'global'),
('to transform',1000,'global'),
('to convert',1000,'global'),
('to turn',1000,'global'),
('to vary',1000,'global'),
('Africa',1001,'global'),
('(hospital) nurse',1002,'global'),
('registered nurse',1002,'global'),
('RN',1002,'global'),
('to begin to rain',1003,'global'),
('to begin to snow',1003,'global'),
('day',1004,'global'),
('days',1004,'global'),
('space (between)',1005,'global'),
('gap',1005,'global'),
('interval',1005,'global'),
('distance',1005,'global'),
('parent',1006,'global'),
('parents',1006,'global'),
('mother and father',1006,'global'),
('heat',1007,'global'),
('driver',1008,'global'),
('chauffeur',1008,'global'),
('eraser',1009,'global'),
('rubber',1009,'global'),
('tennis',1010,'global'),
('piano',1011,'global'),
('circumference',1012,'global'),
('girth',1012,'global'),
('cake',1013,'global'),
('multi-floor building',1014,'global'),
('multi-storey building',1014,'global'),
('curtain',1015,'global'),
('curtains',1015,'global'),
('gasoline',1016,'global'),
('petrol',1016,'global'),
('alcohol',1017,'global'),
('sandwich',1018,'global'),
('motorcycle',1019,'global'),
('salad',1020,'global'),
('soft',1021,'global'),
('text',1022,'global'),
('gas station',1023,'global'),
('petrol station',1023,'global'),
('stereo',1024,'global'),
('jam',1025,'global'),
('announcer',1026,'global'),
('presenter',1026,'global'),
('broadcaster',1026,'global'),
('reporter',1026,'global'),
('part',1027,'global'),
('accessory (fashion)',1028,'global'),
('jewelry',1028,'global'),
('escalator',1029,'global'),
('ah',1030,'global'),
('oh',1030,'global'),
('suitcase',1031,'global'),
('steak',1032,'global'),
('Asia',1033,'global'),
('check',1034,'global'),
('plaid',1034,'global'),
('checkered',1034,'global'),
('sandal',1035,'global'),
('screen',1036,'global'),
('to open (e.g. doors)',1037,'global'),
('amount necessary to fill a container (e.g. cupful, spoonful, etc.)',1038,'global'),
('drink (usu. alcoholic)',1038,'global'),
('business',1039,'global'),
('task',1039,'global'),
('errand',1039,'global'),
('engagement',1039,'global'),
('(cash) register',1040,'global'),
('conclusion from reasoning, judgement or calculation based on something read or heard',1041,'global'),
('reason',1041,'global'),
('cause',1041,'global'),
('meaning',1041,'global'),
('circumstances',1041,'global'),
('situation',1041,'global'),
('soon',1042,'global'),
('shortly',1042,'global'),
('before long',1042,'global'),
('nearly',1042,'global'),
('almost',1042,'global'),
('Mr (junior)',1043,'global'),
('master',1043,'global'),
('boy',1043,'global'),
('international',1044,'global'),
('hair',1045,'global'),
('way of swimming',1046,'global'),
('Metropolis (of Tokyo)',1047,'global'),
('(Tokyo) Metropolitan District',1047,'global'),
('metropolitan prefecture',1047,'global'),
('(my) wife',1048,'global'),
('calling on someone who is ill',1049,'global'),
('enquiry',1049,'global'),
('inquiry',1049,'global'),
('such',1050,'global'),
('that sort of',1050,'global'),
('that kind of',1050,'global'),
('like that',1050,'global'),
('to stop (an activity)',1051,'global'),
('to cease',1051,'global'),
('to discontinue',1051,'global'),
('to end',1051,'global'),
('to quit',1051,'global'),
('very',1052,'global'),
('extremely',1052,'global'),
('exceedingly',1052,'global'),
('clearly',1053,'global'),
('plainly',1053,'global'),
('distinctly',1053,'global'),
('all',1054,'global'),
('completely',1054,'global'),
('totally',1054,'global'),
('entirely',1054,'global'),
('thoroughly',1054,'global'),
('concert',1055,'global'),
('at last',1056,'global'),
('finally',1056,'global'),
('that sort of',1057,'global'),
('that kind of',1057,'global'),
('like that',1057,'global'),
('such',1057,'global'),
('so',1057,'global'),
('present',1058,'global'),
('gift',1058,'global'),
('type',1059,'global'),
('kind',1059,'global'),
('sort',1059,'global'),
('style',1059,'global'),
('slowly',1060,'global'),
('quietly',1060,'global'),
('steadily',1060,'global'),
('gradually',1060,'global'),
('gingerly',1060,'global'),
('(husked grains of) rice',1061,'global'),
('bell',1062,'global'),
('to come',1063,'global'),
('to go',1063,'global'),
('to be (somewhere)',1063,'global'),
('drumming (noise)',1064,'global'),
('beating',1064,'global'),
('pounding',1064,'global'),
('banging',1064,'global'),
('booming',1064,'global'),
('stamping',1064,'global'),
('suit (clothing)',1065,'global'),
('word processor',1066,'global'),
('suffix for familiar person',1067,'global'),
('to get dirty',1068,'global'),
('to become dirty',1068,'global'),
('personal computer',1069,'global'),
('handbag',1070,'global'),
('purse',1070,'global'),
('part-time job',1071,'global'),
('side job',1071,'global'),
('a short while ago',1072,'global'),
('a moment ago',1072,'global'),
('just now',1072,'global'),
('some time ago',1072,'global'),
('fax',1073,'global'),
('facsimile',1073,'global'),
('straight',1074,'global'),
('quickly',1074,'global'),
('directly',1074,'global'),
('all of a sudden',1074,'global'),
('so much',1075,'global'),
('so',1075,'global'),
('like that',1075,'global'),
('yes',1076,'global'),
('yeah',1076,'global'),
('uh huh',1076,'global'),
('like that',1077,'global'),
('so',1077,'global'),
('to see',1078,'global'),
('to look',1078,'global'),
('to watch',1078,'global'),
('to change',1079,'global'),
('to be transformed',1079,'global'),
('to be altered',1079,'global'),
('to vary',1079,'global'),
('two-storied building',1080,'global'),
('lunch break',1081,'global'),
('noon recess',1081,'global'),
('noon rest period',1081,'global'),
('in this way',1082,'global'),
('thus',1082,'global'),
('such',1082,'global'),
('festival',1083,'global'),
('feast',1083,'global'),
('carnival',1083,'global'),
('edge',1084,'global'),
('tip',1084,'global'),
('end',1084,'global')