INSERT INTO japanese.Superset(Id,SupersetOwner,SupersetName,SupersetDescription,Picture) VALUES (5,'global','JLPT-N5','JLPT-N5 Vocabulary with the jlpt-n5 tag. Words and definitions are retrieved from Jisho.org\'s database.','jishologo.png');
INSERT INTO japanese.Set(Id,SetName,SetOwner,SupersetId) VALUES (0,'JLPT-N5 Part 1','global',5),
(1,'JLPT-N5 Part 2','global',5),
(2,'JLPT-N5 Part 3','global',5),
(3,'JLPT-N5 Part 4','global',5),
(4,'JLPT-N5 Part 5','global',5),
(5,'JLPT-N5 Part 6','global',5),
(6,'JLPT-N5 Part 7','global',5),
(7,'JLPT-N5 Part 8','global',5),
(8,'JLPT-N5 Part 9','global',5),
(9,'JLPT-N5 Part 10','global',5),
(10,'JLPT-N5 Part 11','global',5),
(11,'JLPT-N5 Part 12','global',5),
(12,'JLPT-N5 Part 13','global',5),
(13,'JLPT-N5 Part 14','global',5),
(14,'JLPT-N5 Part 15','global',5),
(15,'JLPT-N5 Part 16','global',5),
(16,'JLPT-N5 Part 17','global',5),
(17,'JLPT-N5 Part 18','global',5),
(18,'JLPT-N5 Part 19','global',5),
(19,'JLPT-N5 Part 20','global',5),
(20,'JLPT-N5 Part 21','global',5),
(21,'JLPT-N5 Part 22','global',5),
(22,'JLPT-N5 Part 23','global',5),
(23,'JLPT-N5 Part 24','global',5),
(24,'JLPT-N5 Part 25','global',5),
(25,'JLPT-N5 Part 26','global',5);
INSERT IGNORE INTO japanese.CardsWordtype(Noun,RuVerb,UVerb,IrregularVerb,Transitive,Intransitive,Other,NaAdjective,IAdjective,SpecialKuruVerb,SpecialSuruVerb,SpecialAruVerb,Id) VALUES (true,false,false,false,false,false,false,false,false,false,false,false,1),
(true,false,false,true,false,false,false,false,false,false,false,false,9),
(false,false,true,false,false,true,false,false,false,false,false,false,36),
(true,false,false,false,false,false,false,true,false,false,false,false,129),
(false,false,true,false,true,false,false,false,false,false,false,false,20),
(false,false,false,false,false,false,false,false,false,false,false,false,0),
(false,true,false,false,true,false,false,false,false,false,false,false,18),
(false,false,true,false,false,false,false,false,false,false,false,false,4),
(false,false,false,false,false,false,false,false,true,false,false,false,256),
(false,true,false,false,false,true,false,false,false,false,false,false,34),
(false,false,true,false,true,true,false,false,false,false,false,false,52),
(false,false,false,false,false,false,false,true,false,false,false,false,128),
(false,false,false,false,false,true,false,false,false,true,false,false,544);
INSERT INTO japanese.Card(Id,SetId,WordType,Kanji,Furigana,CardOwner) VALUES (0,0,1,'学校','がっこう','global'),
(1,0,1,'手','て','global'),
(2,0,1,'戸','と','global'),
(3,0,1,'赤','あか','global'),
(4,0,9,'仕事','しごと','global'),
(5,0,1,'英語','えいご','global'),
(6,0,1,'問題','もんだい','global'),
(7,0,1,'部屋','へや','global'),
(8,0,1,'子供','こども','global'),
(9,0,1,'時間','じかん','global'),
(10,0,1,'雨','あめ','global'),
(11,0,1,'先生','せんせい','global'),
(12,0,1,'年','とし','global'),
(13,0,1,'手紙','てがみ','global'),
(14,0,9,'電話','でんわ','global'),
(15,0,1,'水','みず','global'),
(16,0,9,'病気','びょうき','global'),
(17,0,1,'会社','かいしゃ','global'),
(18,0,9,'結婚','けっこん','global'),
(19,0,1,'言葉','ことば','global'),
(20,1,1,'目','め','global'),
(21,1,36,'走る','はしる','global'),
(22,1,1,'名前','なまえ','global'),
(23,1,9,'旅行','りょこう','global'),
(24,1,1,'道','みち','global'),
(25,1,1,'飛行機','ひこうき','global'),
(26,1,1,'映画','えいが','global'),
(27,1,1,'音楽','おんがく','global'),
(28,1,1,'木','き','global'),
(29,1,1,'大学','だいがく','global'),
(30,1,1,'時計','とけい','global'),
(31,1,1,'家族','かぞく','global'),
(32,1,1,'花','はな','global'),
(33,1,1,'猫','ねこ','global'),
(34,1,1,'毎日','まいにち','global'),
(35,1,1,'宿題','しゅくだい','global'),
(36,1,1,'雪','ゆき','global'),
(37,1,1,'山','やま','global'),
(38,1,1,'窓','まど','global'),
(39,1,1,'動物','どうぶつ','global'),
(40,2,9,'料理','りょうり','global'),
(41,2,1,'夏','なつ','global'),
(42,2,1,'新聞','しんぶん','global'),
(43,2,1,'公園','こうえん','global'),
(44,2,9,'意味','いみ','global'),
(45,2,1,'自転車','じてんしゃ','global'),
(46,2,1,'足','あし','global'),
(47,2,1,'電車','でんしゃ','global'),
(48,2,1,'声','こえ','global'),
(49,2,1,'朝','あさ','global'),
(50,2,1,'歌','うた','global'),
(51,2,1,'靴','くつ','global'),
(52,2,1,'箱','はこ','global'),
(53,2,1,'机','つくえ','global'),
(54,2,1,'帽子','ぼうし','global'),
(55,2,1,'海','うみ','global'),
(56,2,9,'授業','じゅぎょう','global'),
(57,2,1,'銀行','ぎんこう','global'),
(58,2,1,'写真','しゃしん','global'),
(59,2,1,'冬','ふゆ','global'),
(60,3,1,'村','むら','global'),
(61,3,1,'傘','かさ','global'),
(62,3,1,'口','くち','global'),
(63,3,1,'橋','はし','global'),
(64,3,1,'病院','びょういん','global'),
(65,3,1,'図書館','としょかん','global'),
(66,3,1,'春','はる','global'),
(67,3,1,'買い物','かいもの','global'),
(68,3,1,'自動車','じどうしゃ','global'),
(69,3,1,'色','いろ','global'),
(70,3,1,'卵','たまご','global'),
(71,3,1,'肉','にく','global'),
(72,3,1,'風邪','かぜ','global'),
(73,3,9,'掃除','そうじ','global'),
(74,3,1,'紙','かみ','global'),
(75,3,1,'雑誌','ざっし','global'),
(76,3,1,'切符','きっぷ','global'),
(77,3,1,'外国人','がいこくじん','global'),
(78,3,1,'財布','さいふ','global'),
(79,3,1,'鉛筆','えんぴつ','global'),
(80,4,129,'大人','おとな','global'),
(81,4,1,'夏休み','なつやすみ','global'),
(82,4,1,'砂糖','さとう','global'),
(83,4,1,'郵便局','ゆうびんきょく','global'),
(84,4,1,'池','いけ','global'),
(85,4,1,'教室','きょうしつ','global'),
(86,4,1,'耳','みみ','global'),
(87,4,1,'切手','きって','global'),
(88,4,1,'台所','だいどころ','global'),
(89,4,1,'電気','でんき','global'),
(90,4,9,'作文','さくぶん','global'),
(91,4,1,'歯','は','global'),
(92,4,1,'紅茶','こうちゃ','global'),
(93,4,1,'家庭','かてい','global'),
(94,4,1,'野菜','やさい','global'),
(95,4,1,'玄関','げんかん','global'),
(96,4,1,'地下鉄','ちかてつ','global'),
(97,4,1,'鼻','はな','global'),
(98,4,1,'緑','みどり','global'),
(99,4,1,'昼','ひる','global'),
(100,5,1,'西','にし','global'),
(101,5,1,'白','しろ','global'),
(102,5,9,'洗濯','せんたく','global'),
(103,5,1,'冷蔵庫','れいぞうこ','global'),
(104,5,1,'火曜日','かようび','global'),
(105,5,1,'南','みなみ','global'),
(106,5,1,'北','きた','global'),
(107,5,1,'茶色','ちゃいろ','global'),
(108,5,1,'黒','くろ','global'),
(109,5,1,'喫茶店','きっさてん','global'),
(110,5,1,'青','あお','global'),
(111,5,1,'靴下','くつした','global'),
(112,5,1,'封筒','ふうとう','global'),
(113,5,1,'辺','へん','global'),
(114,5,1,'映画館','えいがかん','global'),
(115,5,1,'食堂','しょくどう','global'),
(116,5,1,'牛肉','ぎゅうにく','global'),
(117,5,1,'交差点','こうさてん','global'),
(118,5,1,'漢字','かんじ','global'),
(119,5,1,'背広','せびろ','global'),
(120,6,1,'万年筆','まんねんひつ','global'),
(121,6,1,'大使館','たいしかん','global'),
(122,6,1,'交番','こうばん','global'),
(123,6,1,'豚肉','ぶたにく','global'),
(124,6,20,'飲む','のむ','global'),
(125,6,1,'頭','あたま','global'),
(126,6,1,'日曜日','にちようび','global'),
(127,6,1,'誕生日','たんじょうび','global'),
(128,6,1,'鞄','かばん','global'),
(129,6,1,'土曜日','どようび','global'),
(130,6,1,'月曜日','げつようび','global'),
(131,6,1,'金曜日','きんようび','global'),
(132,6,1,'花瓶','かびん','global'),
(133,6,1,'木曜日','もくようび','global'),
(134,6,1,'本棚','ほんだな','global'),
(135,6,1,'水曜日','すいようび','global'),
(136,6,1,'飴','あめ','global'),
(137,6,1,'八百屋','やおや','global'),
(138,6,0,'より','より','global'),
(139,6,1,'私','わたし','global'),
(140,7,1,'外','そと','global'),
(141,7,1,'姉','あね','global'),
(142,7,0,'１００','ひゃく','global'),
(143,7,0,'下さい','ください','global'),
(144,7,18,'見る','みる','global'),
(145,7,1,'自分','じぶん','global'),
(146,7,20,'知る','しる','global'),
(147,7,4,'持つ','もつ','global'),
(148,7,1,'車','くるま','global'),
(149,7,20,'話す','はなす','global'),
(150,7,1,'今','いま','global'),
(151,7,20,'買う','かう','global'),
(152,7,20,'読む','よむ','global'),
(153,7,256,'新しい','あたらしい','global'),
(154,7,1,'話','はなし','global'),
(155,7,1,'昨日','きのう','global'),
(156,7,34,'出る','でる','global'),
(157,7,20,'取る','とる','global'),
(158,7,1,'お金','おかね','global'),
(159,7,1,'男','おとこ','global'),
(160,8,1,'犬','いぬ','global'),
(161,8,20,'使う','つかう','global'),
(162,8,0,'大変','たいへん','global'),
(163,8,52,'待つ','まつ','global'),
(164,8,1,'駅','えき','global'),
(165,8,1,'少し','すこし','global'),
(166,8,256,'欲しい','ほしい','global'),
(167,8,36,'乗る','のる','global'),
(168,8,1,'大きな','おおきな','global'),
(169,8,1,'医者','いしゃ','global'),
(170,8,1,'学生','がくせい','global'),
(171,8,1,'国','くに','global'),
(172,8,256,'高い','たかい','global'),
(173,8,256,'難しい','むずかしい','global'),
(174,8,1,'友達','ともだち','global'),
(175,8,0,'一つ','ひとつ','global'),
(176,8,34,'寝る','ねる','global'),
(177,8,1,'生徒','せいと','global'),
(178,8,256,'忙しい','いそがしい','global'),
(179,8,1,'両親','りょうしん','global'),
(180,9,36,'泳ぐ','およぐ','global'),
(181,9,20,'出す','だす','global'),
(182,9,256,'早い','はやい','global'),
(183,9,256,'楽しい','たのしい','global'),
(184,9,1,'絵','え','global'),
(185,9,1,'女の子','おんなのこ','global'),
(186,9,18,'着る','きる','global'),
(187,9,129,'上手','じょうず','global'),
(188,9,256,'古い','ふるい','global'),
(189,9,256,'強い','つよい','global'),
(190,9,1,'全部','ぜんぶ','global'),
(191,9,20,'呼ぶ','よぶ','global'),
(192,9,1,'午後','ごご','global'),
(193,9,1,'辞書','じしょ','global'),
(194,9,1,'天気','てんき','global'),
(195,9,256,'大きい','おおきい','global'),
(196,9,9,'質問','しつもん','global'),
(197,9,128,'有名','ゆうめい','global'),
(198,9,1,'兄','あに','global'),
(199,9,52,'歌う','うたう','global'),
(200,10,1,'鳥','とり','global'),
(201,10,1,'服','ふく','global'),
(202,10,1,'時々','ときどき','global'),
(203,10,1,'妹','いもうと','global'),
(204,10,0,'二つ','ふたつ','global'),
(205,10,20,'頼む','たのむ','global'),
(206,10,1,'お父さん','おとうさん','global'),
(207,10,1,'今朝','けさ','global'),
(208,10,256,'遅い','おそい','global'),
(209,10,18,'借りる','かりる','global'),
(210,10,1,'薬','くすり','global'),
(211,10,1,'庭','にわ','global'),
(212,10,1,'外国','がいこく','global'),
(213,10,129,'元気','げんき','global'),
(214,10,256,'小さい','ちいさい','global'),
(215,10,1,'今年','ことし','global'),
(216,10,1,'お母さん','おかあさん','global'),
(217,10,1,'男の子','おとこのこ','global'),
(218,10,20,'売る','うる','global'),
(219,10,128,'静か','しずか','global'),
(220,11,36,'休む','やすむ','global'),
(221,11,1,'食べ物','たべもの','global'),
(222,11,129,'大切','たいせつ','global'),
(223,11,1,'警官','けいかん','global'),
(224,11,1,'来週','らいしゅう','global'),
(225,11,1,'建物','たてもの','global'),
(226,11,1,'一緒','いっしょ','global'),
(227,11,1,'先週','せんしゅう','global'),
(228,11,256,'白い','しろい','global'),
(229,11,0,'二','に','global'),
(230,11,256,'少ない','すくない','global'),
(231,11,256,'赤い','あかい','global'),
(232,11,20,'洗う','あらう','global'),
(233,11,129,'嫌い','きらい','global'),
(234,11,1,'お茶','おちゃ','global'),
(235,11,256,'広い','ひろい','global'),
(236,11,1,'去年','きょねん','global'),
(237,11,1,'隣','となり','global'),
(238,11,128,'大好き','だいすき','global'),
(239,11,1,'女','おんな','global'),
(240,12,20,'切る','きる','global'),
(241,12,129,'嫌','いや','global'),
(242,12,1,'毎朝','まいあさ','global'),
(243,12,1,'荷物','にもつ','global'),
(244,12,1,'番号','ばんごう','global'),
(245,12,20,'返す','かえす','global'),
(246,12,1,'来年','らいねん','global'),
(247,12,256,'近い','ちかい','global'),
(248,12,1,'向こう','むこう','global'),
(249,12,256,'痛い','いたい','global'),
(250,12,1,'休み','やすみ','global'),
(251,12,1,'先月','せんげつ','global'),
(252,12,1,'上着','うわぎ','global'),
(253,12,129,'結構','けっこう','global'),
(254,12,1,'兄弟','きょうだい','global'),
(255,12,1,'毎年','まいとし','global'),
(256,12,1,'来月','らいげつ','global'),
(257,12,0,'五','ご','global'),
(258,12,1,'飲み物','のみもの','global'),
(259,12,256,'弱い','よわい','global'),
(260,13,1,'牛乳','ぎゅうにゅう','global'),
(261,13,128,'大丈夫','だいじょうぶ','global'),
(262,13,256,'黒い','くろい','global'),
(263,13,1,'半分','はんぶん','global'),
(264,13,1,'皆さん','みなさん','global'),
(265,13,20,'押す','おす','global'),
(266,13,256,'熱い','あつい','global'),
(267,13,0,'三つ','みっつ','global'),
(268,13,1,'果物','くだもの','global'),
(269,13,1,'今週','こんしゅう','global'),
(270,13,1,'右','みぎ','global'),
(271,13,256,'甘い','あまい','global'),
(272,13,1,'晩','ばん','global'),
(273,13,1,'階段','かいだん','global'),
(274,13,1,'大勢','おおぜい','global'),
(275,13,1,'夕方','ゆうがた','global'),
(276,13,256,'低い','ひくい','global'),
(277,13,1,'左','ひだり','global'),
(278,13,1,'毎週','まいしゅう','global'),
(279,13,129,'下手','へた','global'),
(280,14,0,'千','せん','global'),
(281,14,20,'渡す','わたす','global'),
(282,14,1,'午前','ごぜん','global'),
(283,14,128,'便利','べんり','global'),
(284,14,1,'今月','こんげつ','global'),
(285,14,1,'半','はん','global'),
(286,14,1,'洋服','ようふく','global'),
(287,14,20,'撮る','とる','global'),
(288,14,18,'締める','しめる','global'),
(289,14,1,'文章','ぶんしょう','global'),
(290,14,256,'薄い','うすい','global'),
(291,14,0,'八','はち','global'),
(292,14,1,'横','よこ','global'),
(293,14,0,'四つ','よっつ','global'),
(294,14,128,'丈夫','じょうぶ','global'),
(295,14,1,'東','ひがし','global'),
(296,14,1,'毎晩','まいばん','global'),
(297,14,0,'五つ','いつつ','global'),
(298,14,1,'晴れ','はれ','global'),
(299,14,256,'細い','ほそい','global'),
(300,15,1,'廊下','ろうか','global'),
(301,15,256,'太い','ふとい','global'),
(302,15,1,'留学生','りゅうがくせい','global'),
(303,15,0,'七つ','ななつ','global'),
(304,15,0,'九つ','ここのつ','global'),
(305,15,1,'人','ひと','global'),
(306,15,34,'居る','いる','global'),
(307,15,1,'物','もの','global'),
(308,15,1,'家','いえ','global'),
(309,15,1,'本','ほん','global'),
(310,15,129,'好き','すき','global'),
(311,15,20,'聞く','きく','global'),
(312,15,1,'所','ところ','global'),
(313,15,1,'先','さき','global'),
(314,15,20,'書く','かく','global'),
(315,15,36,'入る','はいる','global'),
(316,15,20,'置く','おく','global'),
(317,15,36,'住む','すむ','global'),
(318,15,18,'食べる','たべる','global'),
(319,15,36,'歩く','あるく','global'),
(320,16,36,'働く','はたらく','global'),
(321,16,36,'着く','つく','global'),
(322,16,1,'上','うえ','global'),
(323,16,256,'悪い','わるい','global'),
(324,16,18,'教える','おしえる','global'),
(325,16,36,'降る','ふる','global'),
(326,16,36,'死ぬ','しぬ','global'),
(327,16,36,'帰る','かえる','global'),
(328,16,18,'忘れる','わすれる','global'),
(329,16,256,'多い','おおい','global'),
(330,16,256,'若い','わかい','global'),
(331,16,1,'同じ','おなじ','global'),
(332,16,34,'起きる','おきる','global'),
(333,16,36,'座る','すわる','global'),
(334,16,1,'店','みせ','global'),
(335,16,18,'入れる','いれる','global'),
(336,16,34,'疲れる','つかれる','global'),
(337,16,256,'寒い','さむい','global'),
(338,16,18,'見せる','みせる','global'),
(339,16,36,'違う','ちがう','global'),
(340,17,18,'覚える','おぼえる','global'),
(341,17,1,'風','かぜ','global'),
(342,17,1,'近く','ちかく','global'),
(343,17,36,'困る','こまる','global'),
(344,17,34,'生まれる','うまれる','global'),
(345,17,0,'初めて','はじめて','global'),
(346,17,36,'始まる','はじまる','global'),
(347,17,20,'貸す','かす','global'),
(348,17,1,'空','そら','global'),
(349,17,20,'弾く','ひく','global'),
(350,17,256,'暑い','あつい','global'),
(351,17,36,'遊ぶ','あそぶ','global'),
(352,17,36,'渡る','わたる','global'),
(353,17,256,'暗い','くらい','global'),
(354,17,1,'此方','こちら','global'),
(355,17,256,'重い','おもい','global'),
(356,17,1,'今晩','こんばん','global'),
(357,17,20,'消す','けす','global'),
(358,17,256,'易しい','やさしい','global'),
(359,17,18,'閉める','しめる','global'),
(360,18,256,'安い','やすい','global'),
(361,18,256,'遠い','とおい','global'),
(362,18,256,'短い','みじかい','global'),
(363,18,34,'消える','きえる','global'),
(364,18,34,'晴れる','はれる','global'),
(365,18,256,'冷たい','つめたい','global'),
(366,18,256,'青い','あおい','global'),
(367,18,36,'吹く','ふく','global'),
(368,18,1,'頁','ページ','global'),
(369,18,20,'引く','ひく','global'),
(370,18,20,'習う','ならう','global'),
(371,18,256,'狭い','せまい','global'),
(372,18,256,'軽い','かるい','global'),
(373,18,20,'脱ぐ','ぬぐ','global'),
(374,18,0,'万','まん','global'),
(375,18,36,'並ぶ','ならぶ','global'),
(376,18,20,'吸う','すう','global'),
(377,18,36,'閉まる','しまる','global'),
(378,18,36,'咲く','さく','global'),
(379,18,0,'一','いち','global'),
(380,19,256,'涼しい','すずしい','global'),
(381,19,256,'厚い','あつい','global'),
(382,19,1,'お兄さん','おにいさん','global'),
(383,19,1,'お姉さん','おねえさん','global'),
(384,19,256,'汚い','きたない','global'),
(385,19,18,'並べる','ならべる','global'),
(386,19,256,'危ない','あぶない','global'),
(387,19,36,'曇る','くもる','global'),
(388,19,1,'ご飯','ごはん','global'),
(389,19,256,'黄色い','きいろい','global'),
(390,19,1,'お菓子','おかし','global'),
(391,19,20,'磨く','みがく','global'),
(392,19,128,'賑やか','にぎやか','global'),
(393,19,36,'鳴く','なく','global'),
(394,19,1,'夕飯','ゆうはん','global'),
(395,19,1,'葉書','はがき','global'),
(396,19,1,'朝ご飯','あさごはん','global'),
(397,19,1,'Ｙシャツ','ワイシャツ','global'),
(398,19,0,'六つ','むっつ','global'),
(399,19,36,'差す','さす','global'),
(400,20,1,'零','れい','global'),
(401,20,1,'二十日','はつか','global'),
(402,20,1,'粁','キロメートル','global'),
(403,20,0,'八つ','やっつ','global'),
(404,20,0,'良く','よく','global'),
(405,20,1,'小さな','ちいさな','global'),
(406,20,34,'答える','こたえる','global'),
(407,20,0,'もう一度','もういちど','global'),
(408,20,36,'要る','いる','global'),
(409,20,1,'背','せ','global'),
(410,20,1,'お弁当','おべんとう','global'),
(411,20,1,'晩御飯','ばんごはん','global'),
(412,20,1,'昼ご飯','ひるごはん','global'),
(413,20,1,'クラス','クラス','global'),
(414,20,1,'プール','プール','global'),
(415,20,1,'中','なか','global'),
(416,20,1,'テレビ','テレビ','global'),
(417,20,1,'珈琲','コーヒー','global'),
(418,20,1,'ホテル','ホテル','global'),
(419,20,1,'ニュース','ニュース','global'),
(420,21,1,'テーブル','テーブル','global'),
(421,21,1,'カメラ','カメラ','global'),
(422,21,1,'タクシー','タクシー','global'),
(423,21,1,'スポーツ','スポーツ','global'),
(424,21,1,'ラジオ','ラジオ','global'),
(425,21,1,'レストラン','レストラン','global'),
(426,21,9,'テスト','テスト','global'),
(427,21,1,'ベッド','ベッド','global'),
(428,21,1,'パン','パン','global'),
(429,21,1,'ナイフ','ナイフ','global'),
(430,21,1,'シャツ','シャツ','global'),
(431,21,1,'ネクタイ','ネクタイ','global'),
(432,21,1,'ギター','ギター','global'),
(433,21,1,'セーター','セーター','global'),
(434,21,1,'米','メートル','global'),
(435,21,1,'アパート','アパート','global'),
(436,21,1,'ポケット','ポケット','global'),
(437,21,1,'バター','バター','global'),
(438,21,1,'スカート','スカート','global'),
(439,21,1,'レコード','レコード','global'),
(440,22,1,'エレベーター','エレベーター','global'),
(441,22,1,'ズボン','ズボン','global'),
(442,22,1,'ポスト','ポスト','global'),
(443,22,1,'シャワー','シャワー','global'),
(444,22,1,'ハンカチ','ハンカチ','global'),
(445,22,1,'テープ','テープ','global'),
(446,22,1,'ストーブ','ストーブ','global'),
(447,22,1,'カップ','カップ','global'),
(448,22,1,'テープレコーダー','テープレコーダー','global'),
(449,22,1,'ボールペン','ボールペン','global'),
(450,22,1,'スプーン','スプーン','global'),
(451,22,1,'スリッパ','スリッパ','global'),
(452,22,0,'はい','はい','global'),
(453,22,1,'ペット','ペット','global'),
(454,22,1,'彼','あれ','global'),
(455,22,1,'バス','バス','global'),
(456,22,1,'一日','ついたち','global'),
(457,22,1,'三日','みっか','global'),
(458,22,1,'五日','いつか','global'),
(459,22,1,'二日','ふつか','global'),
(460,23,1,'十日','とおか','global'),
(461,23,1,'六日','むいか','global'),
(462,23,1,'八日','ようか','global'),
(463,23,1,'九日','ここのか','global'),
(464,23,544,'来る','くる','global'),
(465,23,1,'後','あと','global'),
(466,23,1,'地図','ちず','global'),
(467,23,256,'辛い','からい','global'),
(468,23,1,'角','かど','global'),
(469,23,1,'毎月','まいつき','global'),
(470,23,1,'お風呂','おふろ','global'),
(471,23,1,'お酒','おさけ','global'),
(472,23,1,'出口','でぐち','global'),
(473,23,1,'お皿','おさら','global'),
(474,23,1,'前','まえ','global'),
(475,23,0,'もう','もう','global'),
(476,23,1,'方','かた','global'),
(477,23,0,'もっと','もっと','global'),
(478,23,1,'パーティー','パーティー','global'),
(479,23,1,'次','つぎ','global'),
(480,24,1,'ドア','ドア','global'),
(481,24,0,'どうぞ','どうぞ','global'),
(482,24,1,'こんな','こんな','global'),
(483,24,1,'下','した','global'),
(484,24,1,'コート','コート','global'),
(485,24,0,'さあ','さあ','global'),
(486,24,0,'どうも','どうも','global'),
(487,24,0,'じゃあ','じゃあ','global'),
(488,24,1,'洋杯','コップ','global'),
(489,24,0,'ええ','ええ','global'),
(490,24,1,'ノート','ノート','global'),
(491,24,1,'ボタン','ボタン','global'),
(492,24,1,'デパート','デパート','global'),
(493,24,1,'トイレ','トイレ','global'),
(494,24,1,'フォーク','フォーク','global'),
(495,24,1,'フィルム','フィルム','global'),
(496,24,256,'温い','ぬるい','global'),
(497,24,1,'四日','よっか','global'),
(498,24,1,'カレンダー','カレンダー','global'),
(499,24,1,'瓦','グラム','global'),
(500,25,1,'瓩','キログラム','global'),
(501,25,0,'直ぐに','すぐに','global'),
(502,25,1,'一月','ひとつき','global'),
(503,25,0,'あの','あの','global'),
(504,25,1,'マッチ','マッチ','global'),
(505,25,1,'秋','あき','global'),
(506,25,1,'咖哩','カレー','global'),
(507,25,1,'字引','じびき','global'),
(508,25,1,'燐寸','マッチ','global'),
(509,25,0,'三','サン','global'),
(510,25,1,'ラジカセ','ラジカセ','global'),
(511,25,1,'ＰＥＴ','ペット','global');
INSERT INTO japanese.EnglishDefinition(Definition,CardId,Owner) VALUES ('school',0,'global'),
('hand',1,'global'),
('arm',1,'global'),
('door (esp. Japanese-style)',2,'global'),
('red',3,'global'),
('crimson',3,'global'),
('scarlet',3,'global'),
('work',4,'global'),
('job',4,'global'),
('labor',4,'global'),
('labour',4,'global'),
('business',4,'global'),
('task',4,'global'),
('assignment',4,'global'),
('occupation',4,'global'),
('employment',4,'global'),
('English (language)',5,'global'),
('question (e.g. on a test)',6,'global'),
('problem',6,'global'),
('room',7,'global'),
('chamber',7,'global'),
('child',8,'global'),
('time',9,'global'),
('rain',10,'global'),
('teacher',11,'global'),
('instructor',11,'global'),
('master',11,'global'),
('year',12,'global'),
('letter',13,'global'),
('missive',13,'global'),
('note',13,'global'),
('mail',13,'global'),
('telephone call',14,'global'),
('phone call',14,'global'),
('water (esp. cool, fresh water, e.g. drinking water)',15,'global'),
('illness (usu. excluding minor ailments, e.g. colds)',16,'global'),
('disease',16,'global'),
('sickness',16,'global'),
('company',17,'global'),
('corporation',17,'global'),
('marriage',18,'global'),
('language',19,'global'),
('dialect',19,'global'),
('eye',20,'global'),
('eyeball',20,'global'),
('to run',21,'global'),
('name',22,'global'),
('travel',23,'global'),
('trip',23,'global'),
('journey',23,'global'),
('excursion',23,'global'),
('tour',23,'global'),
('road',24,'global'),
('path',24,'global'),
('street',24,'global'),
('lane',24,'global'),
('passage',24,'global'),
('aeroplane',25,'global'),
('airplane',25,'global'),
('aircraft',25,'global'),
('movie',26,'global'),
('film',26,'global'),
('music',27,'global'),
('tree',28,'global'),
('shrub',28,'global'),
('bush',28,'global'),
('university',29,'global'),
('college',29,'global'),
('clock',30,'global'),
('watch',30,'global'),
('timepiece',30,'global'),
('family',31,'global'),
('members of a family',31,'global'),
('flower',32,'global'),
('blossom',32,'global'),
('bloom',32,'global'),
('petal',32,'global'),
('cat (esp. the domestic cat, Felis catus)',33,'global'),
('every day',34,'global'),
('homework',35,'global'),
('assignment',35,'global'),
('snow',36,'global'),
('snowfall',36,'global'),
('mountain',37,'global'),
('hill',37,'global'),
('window',38,'global'),
('animal',39,'global'),
('cooking',40,'global'),
('cookery',40,'global'),
('cuisine',40,'global'),
('meal',40,'global'),
('food',40,'global'),
('dish',40,'global'),
('item on a menu',40,'global'),
('summer',41,'global'),
('newspaper',42,'global'),
('(public) park',43,'global'),
('meaning',44,'global'),
('significance',44,'global'),
('sense',44,'global'),
('bicycle',45,'global'),
('bike',45,'global'),
('foot',46,'global'),
('paw',46,'global'),
('arm (of an octopus, squid, etc.)',46,'global'),
('train',47,'global'),
('electric train',47,'global'),
('voice',48,'global'),
('morning',49,'global'),
('song',50,'global'),
('shoe',51,'global'),
('shoes',51,'global'),
('boots',51,'global'),
('footwear',51,'global'),
('footgear',51,'global'),
('box',52,'global'),
('case',52,'global'),
('chest',52,'global'),
('package',52,'global'),
('pack',52,'global'),
('crate',52,'global'),
('desk',53,'global'),
('hat',54,'global'),
('cap',54,'global'),
('sea',55,'global'),
('ocean',55,'global'),
('waters',55,'global'),
('lesson',56,'global'),
('class work',56,'global'),
('teaching',56,'global'),
('instruction',56,'global'),
('bank',57,'global'),
('banking institution',57,'global'),
('photograph',58,'global'),
('photo',58,'global'),
('picture',58,'global'),
('snapshot',58,'global'),
('snap',58,'global'),
('winter',59,'global'),
('village',60,'global'),
('umbrella',61,'global'),
('parasol',61,'global'),
('mouth',62,'global'),
('bridge',63,'global'),
('hospital',64,'global'),
('clinic',64,'global'),
('doctor\'s office',64,'global'),
('doctor\'s surgery',64,'global'),
('infirmary',64,'global'),
('library',65,'global'),
('spring',66,'global'),
('springtime',66,'global'),
('shopping',67,'global'),
('purchased goods',67,'global'),
('car',68,'global'),
('automobile',68,'global'),
('motorcar',68,'global'),
('motor vehicle',68,'global'),
('auto',68,'global'),
('colour',69,'global'),
('color',69,'global'),
('hue',69,'global'),
('tint',69,'global'),
('tinge',69,'global'),
('shade',69,'global'),
('eggs',70,'global'),
('egg',70,'global'),
('spawn',70,'global'),
('roe',70,'global'),
('flesh',71,'global'),
('(common) cold',72,'global'),
('influenza',72,'global'),
('flu',72,'global'),
('ague',72,'global'),
('inflammatory respiratory system illness (in general)',72,'global'),
('cleaning',73,'global'),
('sweeping',73,'global'),
('dusting',73,'global'),
('scrubbing',73,'global'),
('paper',74,'global'),
('journal',75,'global'),
('magazine',75,'global'),
('periodical',75,'global'),
('ticket',76,'global'),
('foreigner',77,'global'),
('foreign citizen',77,'global'),
('foreign national',77,'global'),
('alien',77,'global'),
('non-Japanese',77,'global'),
('purse',78,'global'),
('handbag',78,'global'),
('wallet',78,'global'),
('pencil',79,'global'),
('adult',80,'global'),
('grown-up',80,'global'),
('summer vacation',81,'global'),
('summer holiday',81,'global'),
('sugar',82,'global'),
('post office',83,'global'),
('pond',84,'global'),
('classroom',85,'global'),
('ear',86,'global'),
('stamp (postage)',87,'global'),
('merchandise certificate',87,'global'),
('kitchen',88,'global'),
('electricity',89,'global'),
('writing (an essay, prose, etc.)',90,'global'),
('composition',90,'global'),
('tooth',91,'global'),
('black tea',92,'global'),
('home',93,'global'),
('family',93,'global'),
('household',93,'global'),
('vegetable',94,'global'),
('entrance',95,'global'),
('front door',95,'global'),
('entryway',95,'global'),
('entranceway',95,'global'),
('entry hall',95,'global'),
('vestibule',95,'global'),
('porch',95,'global'),
('foyer',95,'global'),
('mud room',95,'global'),
('underground train',96,'global'),
('subway',96,'global'),
('nose',97,'global'),
('green',98,'global'),
('noon',99,'global'),
('midday',99,'global'),
('west',100,'global'),
('white',101,'global'),
('washing',102,'global'),
('laundry',102,'global'),
('refrigerator',103,'global'),
('fridge',103,'global'),
('Tuesday',104,'global'),
('south',105,'global'),
('north',106,'global'),
('light brown',107,'global'),
('tawny',107,'global'),
('black',108,'global'),
('coffee shop',109,'global'),
('tearoom',109,'global'),
('coffee lounge',109,'global'),
('coffeehouse',109,'global'),
('cafe',109,'global'),
('blue',110,'global'),
('azure',110,'global'),
('socks',111,'global'),
('sock',111,'global'),
('stockings',111,'global'),
('stocking',111,'global'),
('envelope',112,'global'),
('area',113,'global'),
('vicinity',113,'global'),
('region',113,'global'),
('movie theatre',114,'global'),
('movie theater',114,'global'),
('cinema',114,'global'),
('dining room',115,'global'),
('dining hall',115,'global'),
('cafeteria',115,'global'),
('canteen',115,'global'),
('messroom',115,'global'),
('beef',116,'global'),
('crossing',117,'global'),
('intersection',117,'global'),
('kanji',118,'global'),
('Chinese characters',118,'global'),
('business suit',119,'global'),
('fountain pen',120,'global'),
('embassy',121,'global'),
('police box',122,'global'),
('koban',122,'global'),
('small neighborhood police station',122,'global'),
('pork',123,'global'),
('to drink',124,'global'),
('to gulp',124,'global'),
('to swallow',124,'global'),
('to take (medicine)',124,'global'),
('head',125,'global'),
('Sunday',126,'global'),
('birthday',127,'global'),
('bag',128,'global'),
('satchel',128,'global'),
('briefcase',128,'global'),
('basket',128,'global'),
('Saturday',129,'global'),
('Monday',130,'global'),
('Friday',131,'global'),
('(flower) vase',132,'global'),
('Thursday',133,'global'),
('bookshelves',134,'global'),
('bookshelf',134,'global'),
('bookcase',134,'global'),
('Wednesday',135,'global'),
('(hard) candy',136,'global'),
('toffee',136,'global'),
('greengrocer',137,'global'),
('fruit and vegetable shop',137,'global'),
('than',138,'global'),
('I',139,'global'),
('me',139,'global'),
('outside',140,'global'),
('exterior',140,'global'),
('older sister',141,'global'),
('elder sister',141,'global'),
('100',142,'global'),
('hundred',142,'global'),
('please (give me)',143,'global'),
('to see',144,'global'),
('to look',144,'global'),
('to watch',144,'global'),
('to view',144,'global'),
('to observe',144,'global'),
('myself',145,'global'),
('yourself',145,'global'),
('oneself',145,'global'),
('himself',145,'global'),
('herself',145,'global'),
('to be aware of',146,'global'),
('to know',146,'global'),
('to be conscious of',146,'global'),
('to cognize',146,'global'),
('to cognise',146,'global'),
('to hold (in one\'s hand)',147,'global'),
('to take',147,'global'),
('to carry',147,'global'),
('car',148,'global'),
('automobile',148,'global'),
('vehicle',148,'global'),
('to talk',149,'global'),
('to speak',149,'global'),
('to converse',149,'global'),
('to chat',149,'global'),
('now',150,'global'),
('the present time',150,'global'),
('just now',150,'global'),
('soon',150,'global'),
('immediately',150,'global'),
('to buy',151,'global'),
('to purchase',151,'global'),
('to read',152,'global'),
('new',153,'global'),
('novel',153,'global'),
('fresh',153,'global'),
('recent',153,'global'),
('latest',153,'global'),
('up-to-date',153,'global'),
('modern',153,'global'),
('talk',154,'global'),
('speech',154,'global'),
('chat',154,'global'),
('conversation',154,'global'),
('yesterday',155,'global'),
('to leave',156,'global'),
('to exit',156,'global'),
('to go out',156,'global'),
('to come out',156,'global'),
('to get out',156,'global'),
('to take',157,'global'),
('to pick up',157,'global'),
('to grab',157,'global'),
('to catch',157,'global'),
('money',158,'global'),
('man',159,'global'),
('male',159,'global'),
('dog (Canis (lupus) familiaris)',160,'global'),
('to use (a thing, method, etc.)',161,'global'),
('to make use of',161,'global'),
('to put to use',161,'global'),
('very',162,'global'),
('greatly',162,'global'),
('terribly',162,'global'),
('awfully',162,'global'),
('to wait',163,'global'),
('railway station',164,'global'),
('train station',164,'global'),
('small quantity',165,'global'),
('little',165,'global'),
('few',165,'global'),
('something',165,'global'),
('wanted',166,'global'),
('wished for',166,'global'),
('in need of',166,'global'),
('desired',166,'global'),
('to get on (train, plane, bus, ship, etc.)',167,'global'),
('to get in',167,'global'),
('to board',167,'global'),
('to take',167,'global'),
('to embark',167,'global'),
('big',168,'global'),
('large',168,'global'),
('great',168,'global'),
('(medical) doctor',169,'global'),
('physician',169,'global'),
('student (esp. a university student)',170,'global'),
('country',171,'global'),
('state',171,'global'),
('high',172,'global'),
('tall',172,'global'),
('difficult',173,'global'),
('hard',173,'global'),
('troublesome',173,'global'),
('complicated',173,'global'),
('serious (disease, problem, etc.)',173,'global'),
('friend',174,'global'),
('companion',174,'global'),
('one',175,'global'),
('to sleep (lying down)',176,'global'),
('pupil',177,'global'),
('student',177,'global'),
('schoolchild',177,'global'),
('busy',178,'global'),
('occupied',178,'global'),
('hectic',178,'global'),
('parents',179,'global'),
('both parents',179,'global'),
('to swim',180,'global'),
('to take out',181,'global'),
('to get out',181,'global'),
('fast',182,'global'),
('quick',182,'global'),
('hasty',182,'global'),
('brisk',182,'global'),
('enjoyable',183,'global'),
('fun',183,'global'),
('pleasant',183,'global'),
('happy',183,'global'),
('delightful',183,'global'),
('picture',184,'global'),
('drawing',184,'global'),
('painting',184,'global'),
('sketch',184,'global'),
('girl',185,'global'),
('daughter',185,'global'),
('baby girl',185,'global'),
('to wear (in modern Japanese, from the shoulders down)',186,'global'),
('to put on',186,'global'),
('skillful',187,'global'),
('skilled',187,'global'),
('proficient',187,'global'),
('good (at)',187,'global'),
('adept',187,'global'),
('clever',187,'global'),
('old',188,'global'),
('aged',188,'global'),
('ancient',188,'global'),
('antiquated',188,'global'),
('antique',188,'global'),
('timeworn',188,'global'),
('strong',189,'global'),
('potent',189,'global'),
('competent',189,'global'),
('domineering',189,'global'),
('tough',189,'global'),
('all',190,'global'),
('entire',190,'global'),
('whole',190,'global'),
('altogether',190,'global'),
('to call out (to)',191,'global'),
('to call',191,'global'),
('to invoke',191,'global'),
('afternoon',192,'global'),
('p.m.',192,'global'),
('dictionary',193,'global'),
('lexicon',193,'global'),
('weather',194,'global'),
('the elements',194,'global'),
('big',195,'global'),
('large',195,'global'),
('great',195,'global'),
('question',196,'global'),
('inquiry',196,'global'),
('enquiry',196,'global'),
('famous',197,'global'),
('older brother',198,'global'),
('elder brother',198,'global'),
('to sing',199,'global'),
('bird',200,'global'),
('clothes (esp. Western clothes)',201,'global'),
('sometimes',202,'global'),
('at times',202,'global'),
('younger sister',203,'global'),
('two',204,'global'),
('to request',205,'global'),
('to beg',205,'global'),
('to ask',205,'global'),
('father',206,'global'),
('dad',206,'global'),
('papa',206,'global'),
('pa',206,'global'),
('pop',206,'global'),
('daddy',206,'global'),
('dada',206,'global'),
('this morning',207,'global'),
('slow',208,'global'),
('time-consuming',208,'global'),
('sluggish',208,'global'),
('to borrow',209,'global'),
('to have a loan',209,'global'),
('medicine',210,'global'),
('pharmaceuticals',210,'global'),
('(legal) drugs',210,'global'),
('pill',210,'global'),
('ointment',210,'global'),
('salve',210,'global'),
('garden',211,'global'),
('yard',211,'global'),
('courtyard',211,'global'),
('foreign country',212,'global'),
('lively',213,'global'),
('full of spirit',213,'global'),
('energetic',213,'global'),
('vigorous',213,'global'),
('vital',213,'global'),
('spirited',213,'global'),
('small',214,'global'),
('little',214,'global'),
('tiny',214,'global'),
('this year',215,'global'),
('mother',216,'global'),
('mom',216,'global'),
('mum',216,'global'),
('ma',216,'global'),
('boy',217,'global'),
('son',217,'global'),
('baby boy',217,'global'),
('to sell',218,'global'),
('quiet',219,'global'),
('silent',219,'global'),
('to be absent',220,'global'),
('to take a day off',220,'global'),
('food',221,'global'),
('important',222,'global'),
('necessary',222,'global'),
('indispensable',222,'global'),
('police officer',223,'global'),
('policeman',223,'global'),
('constable',223,'global'),
('next week',224,'global'),
('building',225,'global'),
('together',226,'global'),
('last week',227,'global'),
('the week before',227,'global'),
('white',228,'global'),
('two',229,'global'),
('few',230,'global'),
('a little',230,'global'),
('scarce',230,'global'),
('insufficient',230,'global'),
('seldom',230,'global'),
('red',231,'global'),
('crimson',231,'global'),
('scarlet',231,'global'),
('vermilion',231,'global'),
('vermillion',231,'global'),
('to wash',232,'global'),
('to cleanse',232,'global'),
('to rinse',232,'global'),
('disliked',233,'global'),
('hated',233,'global'),
('disagreeable',233,'global'),
('tea (usu. green)',234,'global'),
('spacious',235,'global'),
('vast',235,'global'),
('wide',235,'global'),
('last year',236,'global'),
('next (to)',237,'global'),
('adjoining',237,'global'),
('adjacent',237,'global'),
('loveable',238,'global'),
('very likeable',238,'global'),
('like very much',238,'global'),
('female',239,'global'),
('woman',239,'global'),
('female sex',239,'global'),
('to cut',240,'global'),
('to cut through',240,'global'),
('to perform (surgery)',240,'global'),
('disagreeable',241,'global'),
('detestable',241,'global'),
('unpleasant',241,'global'),
('reluctant',241,'global'),
('every morning',242,'global'),
('luggage',243,'global'),
('baggage',243,'global'),
('package',243,'global'),
('number',244,'global'),
('series of digits',244,'global'),
('to return (something)',245,'global'),
('to restore',245,'global'),
('to put back',245,'global'),
('next year',246,'global'),
('near',247,'global'),
('close',247,'global'),
('short (distance)',247,'global'),
('opposite side',248,'global'),
('other side',248,'global'),
('opposite direction',248,'global'),
('painful',249,'global'),
('sore',249,'global'),
('rest',250,'global'),
('recess',250,'global'),
('respite',250,'global'),
('last month',251,'global'),
('coat',252,'global'),
('tunic',252,'global'),
('jacket',252,'global'),
('outer garment',252,'global'),
('splendid',253,'global'),
('nice',253,'global'),
('wonderful',253,'global'),
('delicious',253,'global'),
('sweet',253,'global'),
('siblings',254,'global'),
('brothers and sisters',254,'global'),
('every year',255,'global'),
('yearly',255,'global'),
('annually',255,'global'),
('next month',256,'global'),
('five',257,'global'),
('drink',258,'global'),
('beverage',258,'global'),
('weak',259,'global'),
('frail',259,'global'),
('delicate',259,'global'),
('tender',259,'global'),
('unskilled',259,'global'),
('weak (wine)',259,'global'),
('(cow\'s) milk',260,'global'),
('safe',261,'global'),
('secure',261,'global'),
('sound',261,'global'),
('problem-free',261,'global'),
('without fear',261,'global'),
('all right',261,'global'),
('alright',261,'global'),
('OK',261,'global'),
('okay',261,'global'),
('black',262,'global'),
('half',263,'global'),
('all',264,'global'),
('everyone',264,'global'),
('everybody',264,'global'),
('to push',265,'global'),
('to press',265,'global'),
('hot (thing)',266,'global'),
('three',267,'global'),
('fruit',268,'global'),
('this week',269,'global'),
('right',270,'global'),
('right-hand side',270,'global'),
('sweet-tasting',271,'global'),
('sweet',271,'global'),
('sugary',271,'global'),
('sugared',271,'global'),
('evening',272,'global'),
('night',272,'global'),
('stairs',273,'global'),
('stairway',273,'global'),
('staircase',273,'global'),
('crowd of people',274,'global'),
('great number of people',274,'global'),
('evening',275,'global'),
('dusk',275,'global'),
('low (rank, degree, value, content, quality, etc.)',276,'global'),
('left',277,'global'),
('left hand side',277,'global'),
('every week',278,'global'),
('unskillful',279,'global'),
('poor',279,'global'),
('awkward',279,'global'),
('1,000',280,'global'),
('thousand',280,'global'),
('to ferry across (e.g. a river)',281,'global'),
('to carry across',281,'global'),
('to traverse',281,'global'),
('morning',282,'global'),
('a.m.',282,'global'),
('convenient',283,'global'),
('handy',283,'global'),
('useful',283,'global'),
('this month',284,'global'),
('half',285,'global'),
('semi-',285,'global'),
('Western-style clothes (cf. traditional Japanese clothes)',286,'global'),
('to take (a photo)',287,'global'),
('to tie',288,'global'),
('to fasten',288,'global'),
('to tighten',288,'global'),
('writing',289,'global'),
('composition',289,'global'),
('essay',289,'global'),
('article',289,'global'),
('passage',289,'global'),
('prose',289,'global'),
('(writing) style',289,'global'),
('thin',290,'global'),
('eight',291,'global'),
('horizontal (as opposed to vertical)',292,'global'),
('lying down',292,'global'),
('four',293,'global'),
('healthy',294,'global'),
('robust',294,'global'),
('strong',294,'global'),
('solid',294,'global'),
('durable',294,'global'),
('east',295,'global'),
('every night',296,'global'),
('five',297,'global'),
('clear weather',298,'global'),
('fine weather',298,'global'),
('thin',299,'global'),
('slender',299,'global'),
('fine',299,'global'),
('corridor',300,'global'),
('hallway',300,'global'),
('passageway',300,'global'),
('fat',301,'global'),
('thick',301,'global'),
('overseas student',302,'global'),
('exchange student',302,'global'),
('seven',303,'global'),
('nine',304,'global'),
('man',305,'global'),
('person',305,'global'),
('to be (of animate objects)',306,'global'),
('to exist',306,'global'),
('thing',307,'global'),
('object',307,'global'),
('article',307,'global'),
('stuff',307,'global'),
('substance',307,'global'),
('house',308,'global'),
('residence',308,'global'),
('dwelling',308,'global'),
('book',309,'global'),
('volume',309,'global'),
('script',309,'global'),
('liked',310,'global'),
('well-liked',310,'global'),
('favourite',310,'global'),
('favorite',310,'global'),
('to hear',311,'global'),
('place',312,'global'),
('spot',312,'global'),
('scene',312,'global'),
('site',312,'global'),
('previous',313,'global'),
('prior',313,'global'),
('former',313,'global'),
('first',313,'global'),
('earlier',313,'global'),
('some time ago',313,'global'),
('preceding',313,'global'),
('to write',314,'global'),
('to compose',314,'global'),
('to pen',314,'global'),
('to enter',315,'global'),
('to go into',315,'global'),
('to put',316,'global'),
('to place',316,'global'),
('to live (of humans)',317,'global'),
('to reside',317,'global'),
('to inhabit',317,'global'),
('to dwell',317,'global'),
('to abide',317,'global'),
('to eat',318,'global'),
('to walk',319,'global'),
('to work',320,'global'),
('to labor',320,'global'),
('to labour',320,'global'),
('to arrive at',321,'global'),
('to reach',321,'global'),
('above',322,'global'),
('up',322,'global'),
('over',322,'global'),
('elder (e.g. daughter)',322,'global'),
('bad',323,'global'),
('poor',323,'global'),
('undesirable',323,'global'),
('to teach',324,'global'),
('to instruct',324,'global'),
('to fall (of rain, snow, ash, etc.)',325,'global'),
('to come down',325,'global'),
('to die',326,'global'),
('to pass away',326,'global'),
('to return',327,'global'),
('to come home',327,'global'),
('to go home',327,'global'),
('to go back',327,'global'),
('to forget',328,'global'),
('to leave carelessly',328,'global'),
('to be forgetful of',328,'global'),
('to forget about',328,'global'),
('to forget (an article)',328,'global'),
('many',329,'global'),
('numerous',329,'global'),
('a lot',329,'global'),
('young',330,'global'),
('youthful',330,'global'),
('same',331,'global'),
('identical',331,'global'),
('equal',331,'global'),
('uniform',331,'global'),
('equivalent',331,'global'),
('similar',331,'global'),
('common (origin)',331,'global'),
('changeless',331,'global'),
('alike',331,'global'),
('to get up',332,'global'),
('to rise',332,'global'),
('to blaze up (fire)',332,'global'),
('to sit',333,'global'),
('to squat',333,'global'),
('store',334,'global'),
('shop',334,'global'),
('establishment',334,'global'),
('restaurant',334,'global'),
('to put in',335,'global'),
('to let in',335,'global'),
('to take in',335,'global'),
('to bring in',335,'global'),
('to insert',335,'global'),
('to install (e.g. software)',335,'global'),
('to set (a jewel, etc.)',335,'global'),
('to ink in (e.g. tattoo)',335,'global'),
('to get tired',336,'global'),
('to tire',336,'global'),
('to get fatigued',336,'global'),
('to become exhausted',336,'global'),
('to grow weary',336,'global'),
('cold (e.g. weather)',337,'global'),
('to show',338,'global'),
('to display',338,'global'),
('to differ (from)',339,'global'),
('to vary',339,'global'),
('to memorize',340,'global'),
('to memorise',340,'global'),
('to commit to memory',340,'global'),
('to learn by heart',340,'global'),
('to bear in mind',340,'global'),
('to remember',340,'global'),
('wind',341,'global'),
('breeze',341,'global'),
('draught',341,'global'),
('draft',341,'global'),
('near',342,'global'),
('neighbourhood',342,'global'),
('neighborhood',342,'global'),
('vicinity',342,'global'),
('to be troubled',343,'global'),
('to have difficulty',343,'global'),
('to be in a fix',343,'global'),
('to be at a loss',343,'global'),
('to be stumped',343,'global'),
('to be embarrassed',343,'global'),
('to be born',344,'global'),
('for the first time',345,'global'),
('to begin',346,'global'),
('to start',346,'global'),
('to commence',346,'global'),
('to lend',347,'global'),
('to loan',347,'global'),
('sky',348,'global'),
('the air',348,'global'),
('the heavens',348,'global'),
('to play (a stringed or keyboard instrument)',349,'global'),
('hot',350,'global'),
('warm',350,'global'),
('sultry',350,'global'),
('heated',350,'global'),
('to play (games, sports)',351,'global'),
('to enjoy oneself',351,'global'),
('to have a good time',351,'global'),
('to cross over',352,'global'),
('to go across',352,'global'),
('dark',353,'global'),
('gloomy',353,'global'),
('murky',353,'global'),
('this way',354,'global'),
('this direction',354,'global'),
('heavy',355,'global'),
('weighty',355,'global'),
('tonight',356,'global'),
('this evening',356,'global'),
('to erase',357,'global'),
('to delete',357,'global'),
('to cross out',357,'global'),
('easy',358,'global'),
('plain',358,'global'),
('simple',358,'global'),
('to close',359,'global'),
('to shut',359,'global'),
('cheap',360,'global'),
('inexpensive',360,'global'),
('far',361,'global'),
('distant',361,'global'),
('far away',361,'global'),
('a long way off',361,'global'),
('in the distance',361,'global'),
('short',362,'global'),
('to go out',363,'global'),
('to vanish',363,'global'),
('to disappear',363,'global'),
('to clear up',364,'global'),
('to clear away',364,'global'),
('to be sunny',364,'global'),
('to stop raining',364,'global'),
('cold (to the touch)',365,'global'),
('chilly',365,'global'),
('icy',365,'global'),
('freezing',365,'global'),
('blue',366,'global'),
('azure',366,'global'),
('to blow (of the wind)',367,'global'),
('page',368,'global'),
('to pull',369,'global'),
('to tug',369,'global'),
('to lead (e.g. a horse)',369,'global'),
('to take lessons in',370,'global'),
('to be taught',370,'global'),
('to learn (from a teacher)',370,'global'),
('to study (under a teacher)',370,'global'),
('to get training in',370,'global'),
('narrow',371,'global'),
('confined',371,'global'),
('small',371,'global'),
('cramped',371,'global'),
('light (i.e. not heavy)',372,'global'),
('feeling light (i.e. offering little resistance, moving easily)',372,'global'),
('to take off (clothes, shoes, etc.)',373,'global'),
('to undress',373,'global'),
('10,000',374,'global'),
('ten thousand',374,'global'),
('to line up',375,'global'),
('to stand in a line',375,'global'),
('to smoke',376,'global'),
('to breathe in',376,'global'),
('to inhale',376,'global'),
('to be shut',377,'global'),
('to close',377,'global'),
('to be closed',377,'global'),
('to bloom',378,'global'),
('to flower',378,'global'),
('to blossom',378,'global'),
('to open',378,'global'),
('one',379,'global'),
('cool',380,'global'),
('refreshing',380,'global'),
('thick',381,'global'),
('deep',381,'global'),
('heavy',381,'global'),
('older brother',382,'global'),
('elder brother',382,'global'),
('older sister',383,'global'),
('elder sister',383,'global'),
('dirty',384,'global'),
('filthy',384,'global'),
('foul',384,'global'),
('unclean',384,'global'),
('to line up',385,'global'),
('to set up',385,'global'),
('to arrange in a line',385,'global'),
('dangerous',386,'global'),
('risky',386,'global'),
('hazardous',386,'global'),
('perilous',386,'global'),
('precarious',386,'global'),
('to get cloudy',387,'global'),
('to cloud over',387,'global'),
('to become overcast',387,'global'),
('cooked rice',388,'global'),
('yellow',389,'global'),
('confections',390,'global'),
('sweets',390,'global'),
('candy',390,'global'),
('cake',390,'global'),
('to polish',391,'global'),
('to shine',391,'global'),
('to brush (e.g. teeth)',391,'global'),
('to grind (e.g. lens)',391,'global'),
('bustling',392,'global'),
('busy',392,'global'),
('lively',392,'global'),
('to make sound (of an animal)',393,'global'),
('to call',393,'global'),
('to cry',393,'global'),
('to whine',393,'global'),
('to sing',393,'global'),
('to chirp',393,'global'),
('evening meal',394,'global'),
('postcard',395,'global'),
('breakfast',396,'global'),
('shirt',397,'global'),
('business shirt',397,'global'),
('dress shirt',397,'global'),
('six',398,'global'),
('to shine',399,'global'),
('zero',400,'global'),
('nought',400,'global'),
('twentieth day of the month',401,'global'),
('kilometer',402,'global'),
('kilometre',402,'global'),
('eight',403,'global'),
('nicely',404,'global'),
('properly',404,'global'),
('well',404,'global'),
('skillfully',404,'global'),
('skilfully',404,'global'),
('small',405,'global'),
('little',405,'global'),
('tiny',405,'global'),
('to answer',406,'global'),
('to reply',406,'global'),
('once more',407,'global'),
('again',407,'global'),
('to be needed',408,'global'),
('to be wanted',408,'global'),
('back',409,'global'),
('spine',409,'global'),
('bento',410,'global'),
('Japanese box lunch',410,'global'),
('dinner',411,'global'),
('evening meal',411,'global'),
('lunch',412,'global'),
('midday meal',412,'global'),
('class',413,'global'),
('(swimming) pool',414,'global'),
('inside',415,'global'),
('in',415,'global'),
('television',416,'global'),
('TV',416,'global'),
('coffee',417,'global'),
('hotel',418,'global'),
('news',419,'global'),
('table',420,'global'),
('camera',421,'global'),
('taxi',422,'global'),
('sport',423,'global'),
('sports',423,'global'),
('radio',424,'global'),
('restaurant (esp. Western-style)',425,'global'),
('examination',426,'global'),
('quiz',426,'global'),
('test',426,'global'),
('bed',427,'global'),
('bread',428,'global'),
('pastries (e.g. croissants)',428,'global'),
('pastry-based products',428,'global'),
('knife',429,'global'),
('shirt (underwear)',430,'global'),
('undershirt',430,'global'),
('singlet',430,'global'),
('tie',431,'global'),
('necktie',431,'global'),
('guitar',432,'global'),
('sweater',433,'global'),
('jumper',433,'global'),
('metre',434,'global'),
('meter',434,'global'),
('apartment building',435,'global'),
('apartment block',435,'global'),
('apartment house',435,'global'),
('pocket',436,'global'),
('butter',437,'global'),
('skirt',438,'global'),
('record (e.g. LP)',439,'global'),
('elevator',440,'global'),
('lift',440,'global'),
('trousers',441,'global'),
('pants',441,'global'),
('postbox',442,'global'),
('mail box',442,'global'),
('pillar box',442,'global'),
('shower',443,'global'),
('handkerchief',444,'global'),
('tape',445,'global'),
('(room) heater',446,'global'),
('stove',446,'global'),
('cup (drinking vessel, measure, brassiere, prize, etc.)',447,'global'),
('tape recorder',448,'global'),
('ball-point pen',449,'global'),
('spoon',450,'global'),
('slipper',451,'global'),
('slippers',451,'global'),
('yes',452,'global'),
('that is correct',452,'global'),
('pet',453,'global'),
('that',454,'global'),
('that thing',454,'global'),
('bus',455,'global'),
('first day of the month',456,'global'),
('third day of the month',457,'global'),
('fifth day of the month',458,'global'),
('second day of the month',459,'global'),
('tenth day of the month',460,'global'),
('sixth day of the month',461,'global'),
('eighth day of the month',462,'global'),
('ninth day of the month',463,'global'),
('to come (spatially or temporally)',464,'global'),
('to approach',464,'global'),
('to arrive',464,'global'),
('behind',465,'global'),
('rear',465,'global'),
('map',466,'global'),
('spicy',467,'global'),
('hot',467,'global'),
('corner',468,'global'),
('edge',468,'global'),
('every month',469,'global'),
('each month',469,'global'),
('monthly',469,'global'),
('bath',470,'global'),
('alcohol',471,'global'),
('sake',471,'global'),
('exit',472,'global'),
('gateway',472,'global'),
('way out',472,'global'),
('plate',473,'global'),
('dish',473,'global'),
('in front (of)',474,'global'),
('before (e.g. the house)',474,'global'),
('now',475,'global'),
('soon',475,'global'),
('shortly',475,'global'),
('before long',475,'global'),
('presently',475,'global'),
('direction',476,'global'),
('way',476,'global'),
('(some) more',477,'global'),
('even more',477,'global'),
('longer',477,'global'),
('further',477,'global'),
('party (gathering, celebration, etc.)',478,'global'),
('next',479,'global'),
('following',479,'global'),
('subsequent',479,'global'),
('door (Western-style, car, etc.)',480,'global'),
('please',481,'global'),
('kindly',481,'global'),
('I beg of you',481,'global'),
('this sort of',482,'global'),
('this kind of',482,'global'),
('like this',482,'global'),
('such',482,'global'),
('below',483,'global'),
('down',483,'global'),
('under',483,'global'),
('younger (e.g. daughter)',483,'global'),
('coat',484,'global'),
('come',485,'global'),
('come now',485,'global'),
('come along',485,'global'),
('go on',485,'global'),
('hurry up',485,'global'),
('thank you',486,'global'),
('thanks',486,'global'),
('then',487,'global'),
('well',487,'global'),
('so',487,'global'),
('well then',487,'global'),
('glass (drinking vessel)',488,'global'),
('tumbler',488,'global'),
('yes',489,'global'),
('that is correct',489,'global'),
('right',489,'global'),
('notebook',490,'global'),
('copy-book',490,'global'),
('exercise book',490,'global'),
('button',491,'global'),
('department store',492,'global'),
('toilet',493,'global'),
('restroom',493,'global'),
('bathroom',493,'global'),
('lavatory',493,'global'),
('fork',494,'global'),
('film',495,'global'),
('lukewarm',496,'global'),
('tepid',496,'global'),
('fourth day of the month',497,'global'),
('calendar',498,'global'),
('gram',499,'global'),
('gramme',499,'global'),
('kilogram',500,'global'),
('kilogramme',500,'global'),
('immediately',501,'global'),
('right away',501,'global'),
('at once',501,'global'),
('instantly',501,'global'),
('one month',502,'global'),
('say',503,'global'),
('well',503,'global'),
('um',503,'global'),
('er',503,'global'),
('match (contest)',504,'global'),
('autumn',505,'global'),
('fall',505,'global'),
('curry (esp. Japanese curry)',506,'global'),
('dictionary',507,'global'),
('match (to light fire with)',508,'global'),
('three',509,'global'),
('radio-cassette player',510,'global'),
('polyethylene terephthalate',511,'global'),
('PET',511,'global')